id,published,title,authors,categories,hf_papers_available,hf_papers_url,abs_url,pdf_url,local_pdf,matched_queries
2604.21046,2026-04-22T19:44:41Z,JEPAMatch: Geometric Representation Shaping for Semi-Supervised Learning,Ali Aghababaei-Harandi; Aude Sportisse; Massih-Reza Amini,cs.LG,False,https://huggingface.co/papers/2604.21046,https://arxiv.org/abs/2604.21046,https://arxiv.org/pdf/2604.21046v1,/root/workspace/jepa/pdfs/2604.21046.pdf,"all:""Joint Embedding Predictive Architecture""; all:""Joint-Embedding Predictive Architecture""; all:""LeJEPA"""
2604.17651,2026-04-19T22:50:32Z,Infrastructure-Centric World Models: Bridging Temporal Depth and Spatial Breadth for Roadside Perception,Siyuan Meng; Chengbo Ai,cs.CV; cs.RO,False,https://huggingface.co/papers/2604.17651,https://arxiv.org/abs/2604.17651,https://arxiv.org/pdf/2604.17651v1,/root/workspace/jepa/pdfs/2604.17651.pdf,"all:""JEPA"""
2604.17228,2026-04-19T03:20:40Z,Revisiting Auxiliary Losses for Conditional Depth Routing: An Empirical Study,Qingwei Lin,cs.LG,False,https://huggingface.co/papers/2604.17228,https://arxiv.org/abs/2604.17228,https://arxiv.org/pdf/2604.17228v1,/root/workspace/jepa/pdfs/2604.17228.pdf,"all:""JEPA"""
2604.16585,2026-04-17T15:12:15Z,The Global Neural World Model: Spatially Grounded Discrete Topologies for Action-Conditioned Planning,Noureddine Kermiche,cs.LG; cs.AI,False,https://huggingface.co/papers/2604.16585,https://arxiv.org/abs/2604.16585,https://arxiv.org/pdf/2604.16585v1,/root/workspace/jepa/pdfs/2604.16585.pdf,"all:""JEPA""; all:""Joint Embedding Predictive Architecture""; all:""Joint-Embedding Predictive Architecture"""
2604.16086,2026-04-17T14:15:12Z,Stylistic-STORM (ST-STORM) : Perceiving the Semantic Nature of Appearance,Hamed Ouattara; Pierre Duthon; Pascal Houssam Salmane; Frédéric Bernardin; Omar Ait Aider,cs.CV; cs.AI; cs.LG; stat.ML,False,https://huggingface.co/papers/2604.16086,https://arxiv.org/abs/2604.16086,https://arxiv.org/pdf/2604.16086v1,/root/workspace/jepa/pdfs/2604.16086.pdf,"all:""JEPA"""
2604.13518,2026-04-15T06:04:45Z,From Alignment to Prediction: A Study of Self-Supervised Learning and Predictive Representation Learning,Mintu Dutta; Ritesh Vyas; Mohendra Roy,cs.LG; cs.AI,False,https://huggingface.co/papers/2604.13518,https://arxiv.org/abs/2604.13518,https://arxiv.org/pdf/2604.13518v1,/root/workspace/jepa/pdfs/2604.13518.pdf,"all:""I-JEPA""; all:""JEPA""; all:""Joint Embedding Predictive Architecture""; all:""Joint-Embedding Predictive Architecture"""
2604.11751,2026-04-13T17:25:41Z,Grounded World Model for Semantically Generalizable Planning,Quanyi Li; Lan Feng; Haonan Zhang; Wuyang Li; Letian Wang; Alexandre Alahi; Harold Soh,cs.RO; cs.AI,False,https://huggingface.co/papers/2604.11751,https://arxiv.org/abs/2604.11751,https://arxiv.org/pdf/2604.11751v1,/root/workspace/jepa/pdfs/2604.11751.pdf,"all:""JEPA"""
2604.11364,2026-04-13T12:05:30Z,The Missing Knowledge Layer in Cognitive Architectures for AI Agents,Michaël Roynard,cs.AI,True,https://huggingface.co/papers/2604.11364,https://arxiv.org/abs/2604.11364,https://arxiv.org/pdf/2604.11364v1,/root/workspace/jepa/pdfs/2604.11364.pdf,"all:""JEPA"""
2604.10591,2026-04-12T11:47:11Z,GeoMeld: Toward Semantically Grounded Foundation Models for Remote Sensing,Maram Hasan; Md Aminur Hossain; Savitra Roy; Souparna Bhowmik; Ayush V. Patel; Mainak Singha; Subhasis Chaudhuri; Muhammad Haris Khan; Biplab Banerjee,cs.CV; cs.AI,True,https://huggingface.co/papers/2604.10591,https://arxiv.org/abs/2604.10591,https://arxiv.org/pdf/2604.10591v1,/root/workspace/jepa/pdfs/2604.10591.pdf,"all:""JEPA"""
2604.10514,2026-04-12T08:07:02Z,Data-Efficient Surgical Phase Segmentation in Small-Incision Cataract Surgery: A Controlled Study of Vision Foundation Models,Lincoln Spencer; Song Wang; Chen Chen,cs.CV; cs.AI,False,https://huggingface.co/papers/2604.10514,https://arxiv.org/abs/2604.10514,https://arxiv.org/pdf/2604.10514v1,/root/workspace/jepa/pdfs/2604.10514.pdf,"all:""V-JEPA2"""
2604.08960,2026-04-10T05:04:29Z,Efficient Hierarchical Implicit Flow Q-learning for Offline Goal-conditioned Reinforcement Learning,Zhiqiang Dong; Teng Pang; Rongjian Xu; Guoqiang Wu,cs.LG,False,https://huggingface.co/papers/2604.08960,https://arxiv.org/abs/2604.08960,https://arxiv.org/pdf/2604.08960v1,/root/workspace/jepa/pdfs/2604.08960.pdf,"all:""LeJEPA"""
2604.08065,2026-04-09T10:27:32Z,Multimodal Latent Reasoning via Predictive Embeddings,Ashutosh Adhikari; Mirella Lapata,cs.LG,False,https://huggingface.co/papers/2604.08065,https://arxiv.org/abs/2604.08065,https://arxiv.org/pdf/2604.08065v1,/root/workspace/jepa/pdfs/2604.08065.pdf,"all:""JEPA"""
2604.05767,2026-04-07T12:10:21Z,Beyond the Beep: Scalable Collision Anticipation and Real-Time Explainability with BADAS-2.0,Roni Goldshmidt; Hamish Scott; Lorenzo Niccolini; Hernan Matzner,cs.CV; cs.CL,False,https://huggingface.co/papers/2604.05767,https://arxiv.org/abs/2604.05767,https://arxiv.org/pdf/2604.05767v2,/root/workspace/jepa/pdfs/2604.05767.pdf,"all:""V-JEPA2"""
2604.01349,2026-04-01T20:02:56Z,PI-JEPA: Label-Free Surrogate Pretraining for Coupled Multiphysics Simulation via Operator-Split Latent Prediction,Brandon Yee; Pairie Koh,cs.LG; cs.CE; physics.comp-ph,False,https://huggingface.co/papers/2604.01349,https://arxiv.org/abs/2604.01349,https://arxiv.org/pdf/2604.01349v3,/root/workspace/jepa/pdfs/2604.01349.pdf,"all:""JEPA""; all:""Joint Embedding Predictive Architecture""; all:""Joint-Embedding Predictive Architecture"""
2604.00394,2026-04-01T02:23:21Z,Deep Networks Favor Simple Data,Weyl Lu; Chenjie Hao; Yubei Chen,cs.LG; cs.AI,False,https://huggingface.co/papers/2604.00394,https://arxiv.org/abs/2604.00394,https://arxiv.org/pdf/2604.00394v2,/root/workspace/jepa/pdfs/2604.00394.pdf,"all:""I-JEPA""; all:""JEPA"""
2604.00383,2026-04-01T02:08:07Z,Mine-JEPA: In-Domain Self-Supervised Learning for Mine-Like Object Classification in Side-Scan Sonar,Taeyoun Kwon; Youngwon Choi; Hyeonyu Kim; Myeongkyun Cho; Junhyeok Choi; Moon Hwan Kim,cs.CV,False,https://huggingface.co/papers/2604.00383,https://arxiv.org/abs/2604.00383,https://arxiv.org/pdf/2604.00383v1,/root/workspace/jepa/pdfs/2604.00383.pdf,"all:""JEPA"""
2603.29966,2026-03-31T16:31:25Z,Scaling Video Pretraining for Surgical Foundation Models,Sicheng Lu; Zikai Xiao; Jianhui Wei; Danyu Sun; Qi Lu; Keli Hu; Yang Feng; Jian Wu; Zongxin Yang; Zuozhu Liu,cs.CV,False,https://huggingface.co/papers/2603.29966,https://arxiv.org/abs/2603.29966,https://arxiv.org/pdf/2603.29966v2,/root/workspace/jepa/pdfs/2603.29966.pdf,"all:""JEPA"""
2603.29796,2026-03-31T14:29:42Z,JEPA-MSAC: A Joint-Embedding Predictive Architecture for Multimodal Sensing-Assisted Communications,Can Zheng; Jiguang He; Guofa Cai; Nannan Li; Mehdi Bennis; Henk Wymeersch; Merouane Debbah,eess.SP,False,https://huggingface.co/papers/2603.29796,https://arxiv.org/abs/2603.29796,https://arxiv.org/pdf/2603.29796v1,/root/workspace/jepa/pdfs/2603.29796.pdf,"all:""JEPA""; all:""Joint Embedding Predictive Architecture""; all:""Joint-Embedding Predictive Architecture"""
2603.27134,2026-03-28T04:46:44Z,Semantic Interaction Information mediates compositional generalization in latent space,John Schwarcz,cs.LG,False,https://huggingface.co/papers/2603.27134,https://arxiv.org/abs/2603.27134,https://arxiv.org/pdf/2603.27134v4,/root/workspace/jepa/pdfs/2603.27134.pdf,"all:""JEPA"""
2603.25981,2026-03-26T23:47:49Z,Policy-Guided World Model Planning for Language-Conditioned Visual Navigation,Amirhosein Chahe; Lifeng Zhou,cs.RO; cs.AI; cs.CL,False,https://huggingface.co/papers/2603.25981,https://arxiv.org/abs/2603.25981,https://arxiv.org/pdf/2603.25981v1,/root/workspace/jepa/pdfs/2603.25981.pdf,"all:""JEPA""; all:""V-JEPA"""
2603.25841,2026-03-26T19:03:49Z,GazeQwen: Lightweight Gaze-Conditioned LLM Modulation for Streaming Video Understanding,Trong Thang Pham; Hien Nguyen; Ngan Le,cs.CV; cs.AI,False,https://huggingface.co/papers/2603.25841,https://arxiv.org/abs/2603.25841,https://arxiv.org/pdf/2603.25841v1,/root/workspace/jepa/pdfs/2603.25841.pdf,"all:""JEPA""; all:""V-JEPA"""
2603.25216,2026-03-26T09:16:55Z,A Wireless World Model for AI-Native 6G Networks,Ziqi Chen; Yi Ren; Yixuan Huang; Qi Sun; Nan Li; Yuhong Huang; Chih-Lin I; Yifan Li; Liang Xia,cs.NI; cs.AI; eess.SP,False,https://huggingface.co/papers/2603.25216,https://arxiv.org/abs/2603.25216,https://arxiv.org/pdf/2603.25216v1,/root/workspace/jepa/pdfs/2603.25216.pdf,"all:""Joint Embedding Predictive Architecture""; all:""Joint-Embedding Predictive Architecture"""
2603.24327,2026-03-25T14:09:59Z,Le MuMo JEPA: Multi-Modal Self-Supervised Representation Learning with Learnable Fusion Tokens,Ciem Cornelissen; Sam Leroux; Pieter Simoens,cs.CV,False,https://huggingface.co/papers/2603.24327,https://arxiv.org/abs/2603.24327,https://arxiv.org/pdf/2603.24327v2,/root/workspace/jepa/pdfs/2603.24327.pdf,"all:""JEPA""; all:""LeJEPA"""
2603.23308,2026-03-24T15:13:30Z,Curriculum-Driven 3D CT Report Generation via Language-Free Visual Grafting and Zone-Constrained Compression,V. K. Cody Bumgardner; Mitchell A. Klusty; Mahmut S. Gokmen; Evan W. Damron,cs.CV; cs.AI,True,https://huggingface.co/papers/2603.23308,https://arxiv.org/abs/2603.23308,https://arxiv.org/pdf/2603.23308v1,/root/workspace/jepa/pdfs/2603.23308.pdf,"all:""LeJEPA"""
2603.22649,2026-03-23T23:53:16Z,Pretext Matters: An Empirical Study of SSL Methods in Medical Imaging,Vedrana Ivezić; Mara Pleasure; Ashwath Radhachandran; Saarang Panchavati; Shreeram Athreya; Vivek Sant; Benjamin Emert; Gregory Fishbein; Corey Arnold; William Speier,cs.CV,False,https://huggingface.co/papers/2603.22649,https://arxiv.org/abs/2603.22649,https://arxiv.org/pdf/2603.22649v1,/root/workspace/jepa/pdfs/2603.22649.pdf,"all:""JEPA""; all:""Joint Embedding Predictive Architecture""; all:""Joint-Embedding Predictive Architecture"""
2603.22281,2026-03-23T17:59:42Z,ThinkJEPA: Empowering Latent World Models with Large Vision-Language Reasoning Model,Haichao Zhang; Yijiang Li; Shwai He; Tushar Nagarajan; Mingfei Chen; Jianglin Lu; Ang Li; Yun Fu,cs.CV; cs.AI; cs.CL; cs.LG; cs.RO,True,https://huggingface.co/papers/2603.22281,https://arxiv.org/abs/2603.22281,https://arxiv.org/pdf/2603.22281v1,/root/workspace/jepa/pdfs/2603.22281.pdf,"all:""JEPA""; all:""V-JEPA2"""
2603.21340,2026-03-22T17:46:04Z,ARYA: A Physics-Constrained Composable & Deterministic World Model Architecture,Seth Dobrin; Lukasz Chmiel,cs.AI; cs.DC,False,https://huggingface.co/papers/2603.21340,https://arxiv.org/abs/2603.21340,https://arxiv.org/pdf/2603.21340v1,/root/workspace/jepa/pdfs/2603.21340.pdf,"all:""JEPA""; all:""V-JEPA"""
2603.20111,2026-03-20T16:36:29Z,Var-JEPA: A Variational Formulation of the Joint-Embedding Predictive Architecture -- Bridging Predictive and Generative Self-Supervised Learning,Moritz Gögl; Christopher Yau,cs.LG; cs.AI,False,https://huggingface.co/papers/2603.20111,https://arxiv.org/abs/2603.20111,https://arxiv.org/pdf/2603.20111v1,/root/workspace/jepa/pdfs/2603.20111.pdf,"all:""JEPA""; all:""Joint Embedding Predictive Architecture""; all:""Joint-Embedding Predictive Architecture"""
2603.20048,2026-03-20T15:32:47Z,Structured Latent Dynamics in Wireless CSI via Homomorphic World Models,Salmane Naoumi; Mehdi Bennis; Marwa Chafii,eess.SP; cs.LG,False,https://huggingface.co/papers/2603.20048,https://arxiv.org/abs/2603.20048,https://arxiv.org/pdf/2603.20048v1,/root/workspace/jepa/pdfs/2603.20048.pdf,"all:""JEPA""; all:""Joint Embedding Predictive Architecture""; all:""Joint-Embedding Predictive Architecture"""
2603.20327,2026-03-20T01:30:59Z,Probing the Latent World: Emergent Discrete Symbols and Physical Structure in Latent Representations,Liu hung ming,cs.LG; cs.AI; cs.CV,False,https://huggingface.co/papers/2603.20327,https://arxiv.org/abs/2603.20327,https://arxiv.org/pdf/2603.20327v1,/root/workspace/jepa/pdfs/2603.20327.pdf,"all:""JEPA""; all:""Joint Embedding Predictive Architecture""; all:""Joint-Embedding Predictive Architecture""; all:""V-JEPA"""
2603.19100,2026-03-19T16:26:11Z,LuMamba: Latent Unified Mamba for Electrode Topology-Invariant and Efficient EEG Modeling,Danaé Broustail; Anna Tegon; Thorir Mar Ingolfsson; Yawei Li; Luca Benini,cs.AI,True,https://huggingface.co/papers/2603.19100,https://arxiv.org/abs/2603.19100,https://arxiv.org/pdf/2603.19100v1,/root/workspace/jepa/pdfs/2603.19100.pdf,"all:""Joint Embedding Predictive Architecture""; all:""Joint-Embedding Predictive Architecture""; all:""LeJEPA"""
2604.03266,2026-03-18T20:23:52Z,Emergent Compositional Communication for Latent World Properties,Tomek Kaszyński,cs.MA; cs.LG,True,https://huggingface.co/papers/2604.03266,https://arxiv.org/abs/2604.03266,https://arxiv.org/pdf/2604.03266v1,/root/workspace/jepa/pdfs/2604.03266.pdf,"all:""JEPA""; all:""V-JEPA"""
2603.16281,2026-03-17T09:13:29Z,Laya: A LeJEPA Approach to EEG via Latent Prediction over Reconstruction,Saarang Panchavati; Uddhav Panchavati; Corey Arnold; William Speier,cs.LG; q-bio.NC,False,https://huggingface.co/papers/2603.16281,https://arxiv.org/abs/2603.16281,https://arxiv.org/pdf/2603.16281v1,/root/workspace/jepa/pdfs/2603.16281.pdf,"all:""JEPA""; all:""Joint Embedding Predictive Architecture""; all:""Joint-Embedding Predictive Architecture""; all:""LeJEPA"""
2603.15916,2026-03-16T21:05:39Z,"Auto Researching, not hyperparameter tuning: Convergence Analysis of 10,000 Experiments",Xiaoyi Li,cs.LG; cs.AI,False,https://huggingface.co/papers/2603.15916,https://arxiv.org/abs/2603.15916,https://arxiv.org/pdf/2603.15916v1,/root/workspace/jepa/pdfs/2603.15916.pdf,"all:""JEPA""; all:""V-JEPA"""
2603.15553,2026-03-16T17:13:27Z,Self-Distillation of Hidden Layers for Self-Supervised Representation Learning,Scott C. Lowe; Anthony Fuller; Sageev Oore; Evan Shelhamer; Graham W. Taylor,cs.CV; cs.LG,False,https://huggingface.co/papers/2603.15553,https://arxiv.org/abs/2603.15553,https://arxiv.org/pdf/2603.15553v1,/root/workspace/jepa/pdfs/2603.15553.pdf,"all:""I-JEPA""; all:""JEPA"""
2603.14482,2026-03-15T17:02:40Z,V-JEPA 2.1: Unlocking Dense Features in Video Self-Supervised Learning,Lorenzo Mur-Labadia; Matthew Muckley; Amir Bar; Mido Assran; Koustuv Sinha; Mike Rabbat; Yann LeCun; Nicolas Ballas; Adrien Bardes,cs.CV,True,https://huggingface.co/papers/2603.14482,https://arxiv.org/abs/2603.14482,https://arxiv.org/pdf/2603.14482v2,/root/workspace/jepa/pdfs/2603.14482.pdf,"all:""JEPA""; all:""V-JEPA"""
2603.14131,2026-03-14T21:39:56Z,Is the reconstruction loss culprit? An attempt to outperform JEPA,Alexey Potapov; Oleg Shcherbakov; Ivan Kravchenko,cs.LG,False,https://huggingface.co/papers/2603.14131,https://arxiv.org/abs/2603.14131,https://arxiv.org/pdf/2603.14131v1,/root/workspace/jepa/pdfs/2603.14131.pdf,"all:""JEPA"""
2603.13943,2026-03-14T13:30:49Z,Sat-JEPA-Diff: Bridging Self-Supervised Learning and Generative Diffusion for Remote Sensing,Kursat Komurcu; Linas Petkevicius,cs.CV; cs.LG,True,https://huggingface.co/papers/2603.13943,https://arxiv.org/abs/2603.13943,https://arxiv.org/pdf/2603.13943v1,/root/workspace/jepa/pdfs/2603.13943.pdf,"all:""JEPA"""
2603.19312,2026-03-13T19:48:14Z,LeWorldModel: Stable End-to-End Joint-Embedding Predictive Architecture from Pixels,Lucas Maes; Quentin Le Lidec; Damien Scieur; Yann LeCun; Randall Balestriero,cs.LG; cs.AI,True,https://huggingface.co/papers/2603.19312,https://arxiv.org/abs/2603.19312,https://arxiv.org/pdf/2603.19312v2,/root/workspace/jepa/pdfs/2603.19312.pdf,"all:""JEPA""; all:""Joint Embedding Predictive Architecture""; all:""Joint-Embedding Predictive Architecture"""
2603.13227,2026-03-13T17:59:51Z,Representation Learning for Spatiotemporal Physical Systems,Helen Qu; Rudy Morel; Michael McCabe; Alberto Bietti; François Lanusse; Shirley Ho; Yann LeCun,cs.LG; cs.CV,False,https://huggingface.co/papers/2603.13227,https://arxiv.org/abs/2603.13227,https://arxiv.org/pdf/2603.13227v1,/root/workspace/jepa/pdfs/2603.13227.pdf,"all:""JEPA""; all:""Joint Embedding Predictive Architecture""; all:""Joint-Embedding Predictive Architecture"""
2603.12772,2026-03-13T08:16:53Z,PVI: Plug-in Visual Injection for Vision-Language-Action Models,Zezhou Zhang; Songxin Zhang; Xiao Xiong; Junjie Zhang; Zejian Xie; Jingyi Xi; Zunyao Mao; Zan Mao; Zhixin Mai; Zhuoyang Song; Jiaxing Zhang,cs.CV; cs.LG; cs.RO,False,https://huggingface.co/papers/2603.12772,https://arxiv.org/abs/2603.12772,https://arxiv.org/pdf/2603.12772v1,/root/workspace/jepa/pdfs/2603.12772.pdf,"all:""V-JEPA2"""
2603.11417,2026-03-12T01:19:32Z,Zero-Shot Cross-City Generalization in End-to-End Autonomous Driving: Self-Supervised versus Supervised Representations,Fatemeh Naeinian; Ali Hamza; Haoran Zhu; Anna Choromanska,cs.CV; cs.LG,False,https://huggingface.co/papers/2603.11417,https://arxiv.org/abs/2603.11417,https://arxiv.org/pdf/2603.11417v1,/root/workspace/jepa/pdfs/2603.11417.pdf,"all:""I-JEPA""; all:""JEPA"""
2603.07083,2026-03-07T07:41:28Z,Dreamer-CDP: Improving Reconstruction-free World Models Via Continuous Deterministic Representation Prediction,Michael Hauri; Friedemann Zenke,cs.LG,False,https://huggingface.co/papers/2603.07083,https://arxiv.org/abs/2603.07083,https://arxiv.org/pdf/2603.07083v2,/root/workspace/jepa/pdfs/2603.07083.pdf,"all:""JEPA"""
2603.05924,2026-03-06T05:32:40Z,Weak-SIGReg: Covariance Regularization for Stable Deep Learning,Habibullah Akbar,cs.LG,True,https://huggingface.co/papers/2603.05924,https://arxiv.org/abs/2603.05924,https://arxiv.org/pdf/2603.05924v1,/root/workspace/jepa/pdfs/2603.05924.pdf,"all:""LeJEPA"""
2603.02650,2026-03-03T06:36:16Z,Improving Diffusion Planners by Self-Supervised Action Gating with Energies,Yuan Lu; Dongqi Han; Yansen Wang; Dongsheng Li,cs.LG; cs.AI; cs.RO,False,https://huggingface.co/papers/2603.02650,https://arxiv.org/abs/2603.02650,https://arxiv.org/pdf/2603.02650v1,/root/workspace/jepa/pdfs/2603.02650.pdf,"all:""JEPA""; all:""Joint Embedding Predictive Architecture""; all:""Joint-Embedding Predictive Architecture"""
2603.02263,2026-02-28T07:54:43Z,Social-JEPA: Emergent Geometric Isomorphism,Haoran Zhang; Youjin Wang; Yi Duan; Rong Fu; Dianyu Zhao; Sicheng Fan; Shuaishuai Cao; Wentao Guo; Xiao Zhou,cs.CV; cs.AI,False,https://huggingface.co/papers/2603.02263,https://arxiv.org/abs/2603.02263,https://arxiv.org/pdf/2603.02263v2,/root/workspace/jepa/pdfs/2603.02263.pdf,"all:""JEPA"""
2602.23058,2026-02-26T14:42:53Z,GeoWorld: Geometric World Models,Zeyu Zhang; Danning Li; Ian Reid; Richard Hartley,cs.CV; cs.RO,True,https://huggingface.co/papers/2602.23058,https://arxiv.org/abs/2602.23058,https://arxiv.org/pdf/2602.23058v1,/root/workspace/jepa/pdfs/2602.23058.pdf,"all:""JEPA""; all:""V-JEPA"""
2602.22617,2026-02-26T04:45:07Z,Semantic Tube Prediction: Beating LLM Data Efficiency with JEPA,Hai Huang; Yann LeCun; Randall Balestriero,cs.LG,False,https://huggingface.co/papers/2602.22617,https://arxiv.org/abs/2602.22617,https://arxiv.org/pdf/2602.22617v1,/root/workspace/jepa/pdfs/2602.22617.pdf,"all:""JEPA""; all:""LLM-JEPA"""
2603.13265,2026-02-25T22:31:46Z,"Knowledge, Rules and Their Embeddings: Two Paths towards Neuro-Symbolic JEPA",Yongchao Huang; Hassan Raza,cs.LG,False,https://huggingface.co/papers/2603.13265,https://arxiv.org/abs/2603.13265,https://arxiv.org/pdf/2603.13265v1,/root/workspace/jepa/pdfs/2603.13265.pdf,"all:""JEPA""; all:""Joint Embedding Predictive Architecture""; all:""Joint-Embedding Predictive Architecture"""
2602.19322,2026-02-22T19:56:56Z,US-JEPA: A Joint Embedding Predictive Architecture for Medical Ultrasound,Ashwath Radhachandran; Vedrana Ivezić; Shreeram Athreya; Ronit Anilkumar; Corey W. Arnold; William Speier,cs.CV; cs.AI; cs.LG,True,https://huggingface.co/papers/2602.19322,https://arxiv.org/abs/2602.19322,https://arxiv.org/pdf/2602.19322v1,/root/workspace/jepa/pdfs/2602.19322.pdf,"all:""JEPA""; all:""Joint Embedding Predictive Architecture""; all:""Joint-Embedding Predictive Architecture"""
2602.17162,2026-02-19T08:20:51Z,JEPA-DNA: Grounding Genomic Foundation Models through Joint-Embedding Predictive Architectures,Ariel Larey; Elay Dahan; Amit Bleiweiss; Raizy Kellerman; Guy Leib; Omri Nayshool; Dan Ofer; Tal Zinger; Dan Dominissini; Gideon Rechavi; Nicole Bussola; Simon Lee; Shane O'Connell; Dung Hoang; Marissa Wirth; Alexander W. Charney; Nati Daniel; Yoli Shavit,cs.AI; q-bio.GN,False,https://huggingface.co/papers/2602.17162,https://arxiv.org/abs/2602.17162,https://arxiv.org/pdf/2602.17162v1,/root/workspace/jepa/pdfs/2602.17162.pdf,"all:""JEPA""; all:""Joint Embedding Predictive Architecture""; all:""Joint-Embedding Predictive Architecture"""
2602.14771,2026-02-16T14:26:07Z,GOT-JEPA: Generic Object Tracking with Model Adaptation and Occlusion Handling using Joint-Embedding Predictive Architecture,Shih-Fang Chen; Jun-Cheng Chen; I-Hong Jhuo; Yen-Yu Lin,cs.CV; cs.AI; cs.LG; cs.MM; cs.NE,False,https://huggingface.co/papers/2602.14771,https://arxiv.org/abs/2602.14771,https://arxiv.org/pdf/2602.14771v4,/root/workspace/jepa/pdfs/2602.14771.pdf,"all:""JEPA""; all:""Joint Embedding Predictive Architecture""; all:""Joint-Embedding Predictive Architecture"""
2602.14672,2026-02-16T11:51:46Z,MeFEm: Medical Face Embedding model,Yury Borets; Stepan Botman,cs.CV,True,https://huggingface.co/papers/2602.14672,https://arxiv.org/abs/2602.14672,https://arxiv.org/pdf/2602.14672v1,/root/workspace/jepa/pdfs/2602.14672.pdf,"all:""JEPA""; all:""Joint Embedding Predictive Architecture""; all:""Joint-Embedding Predictive Architecture"""
2602.13507,2026-02-13T22:36:42Z,Benchmarking Video Foundation Models for Remote Parkinson's Disease Screening,Md Saiful Islam; Ekram Hossain; Abdelrahman Abdelkader; Tariq Adnan; Fazla Rabbi Mashrur; Sooyong Park; Praveen Kumar; Qasim Sudais; Natalia Chunga; Nami Shah; Jan Freyberg; Christopher Kanan; Ruth Schneider; Ehsan Hoque,cs.CV,False,https://huggingface.co/papers/2602.13507,https://arxiv.org/abs/2602.13507,https://arxiv.org/pdf/2602.13507v2,/root/workspace/jepa/pdfs/2602.13507.pdf,"all:""JEPA""; all:""V-JEPA"""
2602.12540,2026-02-13T02:42:21Z,Self-Supervised JEPA-based World Models for LiDAR Occupancy Completion and Forecasting,Haoran Zhu; Anna Choromanska,cs.CV; cs.RO,False,https://huggingface.co/papers/2602.12540,https://arxiv.org/abs/2602.12540,https://arxiv.org/pdf/2602.12540v1,/root/workspace/jepa/pdfs/2602.12540.pdf,"all:""JEPA""; all:""Joint Embedding Predictive Architecture""; all:""Joint-Embedding Predictive Architecture"""
2602.12245,2026-02-12T18:30:27Z,Intrinsic-Energy Joint Embedding Predictive Architectures Induce Quasimetric Spaces,Anthony Kobanda; Waris Radji,cs.LG; cs.AI,False,https://huggingface.co/papers/2602.12245,https://arxiv.org/abs/2602.12245,https://arxiv.org/pdf/2602.12245v1,/root/workspace/jepa/pdfs/2602.12245.pdf,"all:""JEPA""; all:""Joint Embedding Predictive Architecture""; all:""Joint-Embedding Predictive Architecture"""
2602.11832,2026-02-12T11:20:43Z,JEPA-VLA: Video Predictive Embedding is Needed for VLA Models,Shangchen Miao; Ningya Feng; Jialong Wu; Ye Lin; Xu He; Dong Li; Mingsheng Long,cs.CV; cs.RO,False,https://huggingface.co/papers/2602.11832,https://arxiv.org/abs/2602.11832,https://arxiv.org/pdf/2602.11832v1,/root/workspace/jepa/pdfs/2602.11832.pdf,"all:""JEPA""; all:""V-JEPA"""
2602.11389,2026-02-11T21:47:26Z,Causal-JEPA: Learning World Models through Object-Level Latent Interventions,Heejeong Nam; Quentin Le Lidec; Lucas Maes; Yann LeCun; Randall Balestriero,cs.AI,True,https://huggingface.co/papers/2602.11389,https://arxiv.org/abs/2602.11389,https://arxiv.org/pdf/2602.11389v1,/root/workspace/jepa/pdfs/2602.11389.pdf,"all:""C-JEPA""; all:""JEPA"""
2602.11322,2026-02-11T19:51:22Z,Predictive Associative Memory: Retrieval Beyond Similarity Through Temporal Co-occurrence,Jason Dury,cs.LG; cs.AI; cs.IR; cs.NE,False,https://huggingface.co/papers/2602.11322,https://arxiv.org/abs/2602.11322,https://arxiv.org/pdf/2602.11322v1,/root/workspace/jepa/pdfs/2602.11322.pdf,"all:""JEPA"""
2602.10098,2026-02-10T18:58:01Z,VLA-JEPA: Enhancing Vision-Language-Action Model with Latent World Model,Jingwen Sun; Wenyao Zhang; Zekun Qi; Shaojie Ren; Zezhi Liu; Hanxin Zhu; Guangzhong Sun; Xin Jin; Zhibo Chen,cs.RO; cs.CV,True,https://huggingface.co/papers/2602.10098,https://arxiv.org/abs/2602.10098,https://arxiv.org/pdf/2602.10098v2,/root/workspace/jepa/pdfs/2602.10098.pdf,"all:""JEPA"""
2602.09985,2026-02-10T17:10:29Z,Online Monitoring Framework for Automotive Time Series Data using JEPA Embeddings,Alexander Fertig; Karthikeyan Chandra Sekaran; Lakshman Balasubramanian; Michael Botsch,cs.LG; cs.AI; cs.CV,False,https://huggingface.co/papers/2602.09985,https://arxiv.org/abs/2602.09985,https://arxiv.org/pdf/2602.09985v1,/root/workspace/jepa/pdfs/2602.09985.pdf,"all:""JEPA"""
2603.00049,2026-02-10T01:16:20Z,BiJEPA: Bi-directional Joint Embedding Predictive Architecture for Symmetric Representation Learning,Yongchao Huang,cs.LG,False,https://huggingface.co/papers/2603.00049,https://arxiv.org/abs/2603.00049,https://arxiv.org/pdf/2603.00049v1,/root/workspace/jepa/pdfs/2603.00049.pdf,"all:""JEPA""; all:""Joint Embedding Predictive Architecture""; all:""Joint-Embedding Predictive Architecture"""
2602.05638,2026-02-05T13:18:33Z,SurgMotion: A Video-Native Foundation Model for Universal Understanding of Surgical Videos,Jinlin Wu; Felix Holm; Chuxi Chen; An Wang; Yaxin Hu; Xiaofan Ye; Zelin Zang; Miao Xu; Lihua Zhou; Huai Liao; Danny T. M. Chan; Ming Feng; Wai S. Poon; Hongliang Ren; Dong Yi; Nassir Navab; Gaofeng Meng; Jiebo Luo; Hongbin Liu; Zhen Lei,cs.CV,True,https://huggingface.co/papers/2602.05638,https://arxiv.org/abs/2602.05638,https://arxiv.org/pdf/2602.05638v3,/root/workspace/jepa/pdfs/2602.05638.pdf,"all:""JEPA""; all:""Joint Embedding Predictive Architecture""; all:""Joint-Embedding Predictive Architecture""; all:""V-JEPA"""
2602.04643,2026-02-04T15:11:29Z,MTS-JEPA: Multi-Resolution Joint-Embedding Predictive Architecture for Time-Series Anomaly Prediction,Yanan He; Yunshi Wen; Xin Wang; Tengfei Ma,cs.LG,False,https://huggingface.co/papers/2602.04643,https://arxiv.org/abs/2602.04643,https://arxiv.org/pdf/2602.04643v1,/root/workspace/jepa/pdfs/2602.04643.pdf,"all:""JEPA""; all:""Joint Embedding Predictive Architecture""; all:""Joint-Embedding Predictive Architecture"""
2602.03604,2026-02-03T14:56:24Z,A Lightweight Library for Energy-Based Joint-Embedding Predictive Architectures,Basile Terver; Randall Balestriero; Megi Dervishi; David Fan; Quentin Garrido; Tushar Nagarajan; Koustuv Sinha; Wancong Zhang; Mike Rabbat; Yann LeCun; Amir Bar,cs.CV; cs.AI,True,https://huggingface.co/papers/2602.03604,https://arxiv.org/abs/2602.03604,https://arxiv.org/pdf/2602.03604v3,/root/workspace/jepa/pdfs/2602.03604.pdf,"all:""JEPA""; all:""Joint Embedding Predictive Architecture""; all:""Joint-Embedding Predictive Architecture"""
2602.02093,2026-02-02T13:38:04Z,Cell-JEPA: Latent Representation Learning for Single-Cell Transcriptomics,Ali ElSheikh; Rui-Xi Wang; Weimin Wu; Yibo Wen; Payam Dibaeinia; Jennifer Yuntong Zhang; Jerry Yao-Chieh Hu; Mei Knudson; Sudarshan Babu; Shao-Hua Sun; Aly A. Khan; Han Liu,cs.CE,False,https://huggingface.co/papers/2602.02093,https://arxiv.org/abs/2602.02093,https://arxiv.org/pdf/2602.02093v1,/root/workspace/jepa/pdfs/2602.02093.pdf,"all:""JEPA""; all:""Joint Embedding Predictive Architecture""; all:""Joint-Embedding Predictive Architecture"""
2602.02620,2026-02-02T13:36:36Z,CryoLVM: Self-supervised Learning from Cryo-EM Density Maps with Large Vision Models,Weining Fu; Kai Shu; Kui Xu; Qiangfeng Cliff Zhang,q-bio.QM; cs.AI; cs.LG,False,https://huggingface.co/papers/2602.02620,https://arxiv.org/abs/2602.02620,https://arxiv.org/pdf/2602.02620v2,/root/workspace/jepa/pdfs/2602.02620.pdf,"all:""JEPA""; all:""Joint Embedding Predictive Architecture""; all:""Joint-Embedding Predictive Architecture"""
2602.01456,2026-02-01T21:49:30Z,Rectified LpJEPA: Joint-Embedding Predictive Architectures with Sparse and Maximum-Entropy Representations,Yilun Kuang; Yash Dagade; Tim G. J. Rudner; Randall Balestriero; Yann LeCun,cs.LG; cs.CV,True,https://huggingface.co/papers/2602.01456,https://arxiv.org/abs/2602.01456,https://arxiv.org/pdf/2602.01456v1,/root/workspace/jepa/pdfs/2602.01456.pdf,"all:""JEPA""; all:""Joint Embedding Predictive Architecture""; all:""Joint-Embedding Predictive Architecture"""
2602.07016,2026-01-31T19:52:54Z,Gaussian-Constrained LeJEPA Representations for Unsupervised Scene Discovery and Pose Consistency,Mohsen Mostafa,cs.CV,False,https://huggingface.co/papers/2602.07016,https://arxiv.org/abs/2602.07016,https://arxiv.org/pdf/2602.07016v1,/root/workspace/jepa/pdfs/2602.07016.pdf,"all:""Joint Embedding Predictive Architecture""; all:""Joint-Embedding Predictive Architecture""; all:""LeJEPA"""
2602.09040,2026-01-30T20:51:37Z,Soft Clustering Anchors for Self-Supervised Speech Representation Learning in Joint Embedding Prediction Architectures,Georgios Ioannides; Adrian Kieback; Judah Goldfeder; Linsey Pang; Aman Chadha; Aaron Elkins; Yann LeCun; Ravid Shwartz-Ziv,eess.AS; cs.AI; cs.LG; cs.SD,True,https://huggingface.co/papers/2602.09040,https://arxiv.org/abs/2602.09040,https://arxiv.org/pdf/2602.09040v1,/root/workspace/jepa/pdfs/2602.09040.pdf,"all:""JEPA""; all:""Joint Embedding Predictive Architecture""; all:""Joint-Embedding Predictive Architecture"""
2601.22128,2026-01-29T18:49:37Z,The Patient is not a Moving Document: A World Model Training Paradigm for Longitudinal EHR,Irsyad Adam; Zekai Chen; David Laprade; Shaun Porwal; David Laub; Erik Reinertsen; Arda Pekis; Kevin Brown,cs.AI; cs.CE; q-bio.QM,True,https://huggingface.co/papers/2601.22128,https://arxiv.org/abs/2601.22128,https://arxiv.org/pdf/2601.22128v1,/root/workspace/jepa/pdfs/2601.22128.pdf,"all:""JEPA""; all:""Joint Embedding Predictive Architecture""; all:""Joint-Embedding Predictive Architecture"""
2601.22032,2026-01-29T17:39:20Z,Drive-JEPA: Video JEPA Meets Multimodal Trajectory Distillation for End-to-End Driving,Linhan Wang; Zichong Yang; Chen Bai; Guoxiang Zhang; Xiaotong Liu; Xiaoyin Zheng; Xiao-Xiao Long; Chang-Tien Lu; Cheng Lu,cs.CV,True,https://huggingface.co/papers/2601.22032,https://arxiv.org/abs/2601.22032,https://arxiv.org/pdf/2601.22032v1,/root/workspace/jepa/pdfs/2601.22032.pdf,"all:""JEPA""; all:""Joint Embedding Predictive Architecture""; all:""Joint-Embedding Predictive Architecture""; all:""V-JEPA"""
2602.07000,2026-01-28T17:04:06Z,Hierarchical JEPA Meets Predictive Remote Control in Beyond 5G Networks,Abanoub M. Girgis; Ibtissam Labriji; Mehdi Bennis,eess.SY; cs.AI; cs.RO,False,https://huggingface.co/papers/2602.07000,https://arxiv.org/abs/2602.07000,https://arxiv.org/pdf/2602.07000v1,/root/workspace/jepa/pdfs/2602.07000.pdf,"all:""JEPA""; all:""Joint Embedding Predictive Architecture""; all:""Joint-Embedding Predictive Architecture"""
2601.20190,2026-01-28T02:39:47Z,WirelessJEPA: A Multi-Antenna Foundation Model using Spatio-temporal Wireless Latent Predictions,Viet Chu; Omar Mashaal; Hatem Abou-Zeid,eess.SP,False,https://huggingface.co/papers/2601.20190,https://arxiv.org/abs/2601.20190,https://arxiv.org/pdf/2601.20190v1,/root/workspace/jepa/pdfs/2601.20190.pdf,"all:""JEPA""; all:""Joint Embedding Predictive Architecture""; all:""Joint-Embedding Predictive Architecture"""
2601.19822,2026-01-27T17:29:05Z,A Latent Space Framework for Modeling Transient Engine Emissions Using Joint Embedding Predictive Architectures,Ganesh Sundaram; Tobias Gehra; Jonas Ulmen; Mirjan Heubaum; Daniel Görges; Michael Günthner,eess.SY,False,https://huggingface.co/papers/2601.19822,https://arxiv.org/abs/2601.19822,https://arxiv.org/pdf/2601.19822v1,/root/workspace/jepa/pdfs/2601.19822.pdf,"all:""JEPA""; all:""Joint Embedding Predictive Architecture""; all:""Joint-Embedding Predictive Architecture"""
2601.17216,2026-01-23T23:02:04Z,Spatiotemporal Semantic V2X Framework for Cooperative Collision Prediction,Murat Arda Onsu; Poonam Lohan; Burak Kantarci; Aisha Syed; Matthew Andrews; Sean Kennedy,cs.CV; cs.AI; cs.LG; eess.IV,False,https://huggingface.co/papers/2601.17216,https://arxiv.org/abs/2601.17216,https://arxiv.org/pdf/2601.17216v2,/root/workspace/jepa/pdfs/2601.17216.pdf,"all:""JEPA""; all:""Joint Embedding Predictive Architecture""; all:""Joint-Embedding Predictive Architecture""; all:""V-JEPA"""
2601.15891,2026-01-22T12:11:53Z,RadJEPA: Radiology Encoder for Chest X-Rays via Joint Embedding Predictive Architecture,Anas Anwarul Haq Khan; Mariam Husain; Kshitij Jadhav,cs.CV,True,https://huggingface.co/papers/2601.15891,https://arxiv.org/abs/2601.15891,https://arxiv.org/pdf/2601.15891v1,/root/workspace/jepa/pdfs/2601.15891.pdf,"all:""Joint Embedding Predictive Architecture""; all:""Joint-Embedding Predictive Architecture"""
2601.14354,2026-01-20T18:04:16Z,VJEPA: Variational Joint Embedding Predictive Architectures as Probabilistic World Models,Yongchao Huang,cs.LG,False,https://huggingface.co/papers/2601.14354,https://arxiv.org/abs/2601.14354,https://arxiv.org/pdf/2601.14354v1,/root/workspace/jepa/pdfs/2601.14354.pdf,"all:""JEPA""; all:""Joint Embedding Predictive Architecture""; all:""Joint-Embedding Predictive Architecture"""
2601.10592,2026-01-15T17:02:27Z,Action100M: A Large-scale Video Action Dataset,Delong Chen; Tejaswi Kasarla; Yejin Bang; Mustafa Shukor; Willy Chung; Jade Yu; Allen Bolourchi; Theo Moutakanni; Pascale Fung,cs.CV,True,https://huggingface.co/papers/2601.10592,https://arxiv.org/abs/2601.10592,https://arxiv.org/pdf/2601.10592v1,/root/workspace/jepa/pdfs/2601.10592.pdf,"all:""JEPA""; all:""V-JEPA"""
2601.09524,2026-01-14T14:48:11Z,Video Joint-Embedding Predictive Architectures for Facial Expression Recognition,Lennart Eing; Cristina Luna-Jiménez; Silvan Mertes; Elisabeth André,cs.CV; cs.HC,False,https://huggingface.co/papers/2601.09524,https://arxiv.org/abs/2601.09524,https://arxiv.org/pdf/2601.09524v1,/root/workspace/jepa/pdfs/2601.09524.pdf,"all:""JEPA""; all:""Joint Embedding Predictive Architecture""; all:""Joint-Embedding Predictive Architecture""; all:""V-JEPA"""
2601.06212,2026-01-08T18:40:31Z,Akasha 2: Hamiltonian State Space Duality and Visual-Language Joint Embedding Predictive Architectur,Yani Meziani,cs.CV; cs.AI,False,https://huggingface.co/papers/2601.06212,https://arxiv.org/abs/2601.06212,https://arxiv.org/pdf/2601.06212v1,/root/workspace/jepa/pdfs/2601.06212.pdf,"all:""JEPA""; all:""Joint Embedding Predictive Architecture""; all:""Joint-Embedding Predictive Architecture"""
2601.03665,2026-01-07T07:38:58Z,PhysVideoGenerator: Towards Physically Aware Video Generation via Latent Physics Guidance,Siddarth Nilol Kundur Satish; Devesh Jaiswal; Hongyu Chen; Abhishek Bakshi,cs.CV,True,https://huggingface.co/papers/2601.03665,https://arxiv.org/abs/2601.03665,https://arxiv.org/pdf/2601.03665v1,/root/workspace/jepa/pdfs/2601.03665.pdf,"all:""JEPA""; all:""Joint Embedding Predictive Architecture""; all:""Joint-Embedding Predictive Architecture""; all:""V-JEPA"""
2601.01577,2026-01-04T15:49:46Z,HanoiWorld : A Joint Embedding Predictive Architecture BasedWorld Model for Autonomous Vehicle Controller,Tran Tien Dat; Nguyen Hai An; Nguyen Khanh Viet Dung; Nguyen Duy Duc,cs.RO; cs.AI,False,https://huggingface.co/papers/2601.01577,https://arxiv.org/abs/2601.01577,https://arxiv.org/pdf/2601.01577v1,/root/workspace/jepa/pdfs/2601.01577.pdf,"all:""JEPA""; all:""Joint Embedding Predictive Architecture""; all:""Joint-Embedding Predictive Architecture"""
2601.00366,2026-01-01T14:59:58Z,BERT-JEPA: Reorganizing CLS Embeddings for Language-Invariant Semantics,Taj Gillin; Adam Lalani; Kenneth Zhang; Marcel Mateos Salles,cs.CL; cs.AI; cs.LG,False,https://huggingface.co/papers/2601.00366,https://arxiv.org/abs/2601.00366,https://arxiv.org/pdf/2601.00366v1,/root/workspace/jepa/pdfs/2601.00366.pdf,"all:""JEPA""; all:""Joint Embedding Predictive Architecture""; all:""Joint-Embedding Predictive Architecture"""
2512.24497,2025-12-30T22:50:03Z,What Drives Success in Physical Planning with Joint-Embedding Predictive World Models?,Basile Terver; Tsung-Yen Yang; Jean Ponce; Adrien Bardes; Yann LeCun,cs.AI; cs.LG; cs.RO; stat.ML,True,https://huggingface.co/papers/2512.24497,https://arxiv.org/abs/2512.24497,https://arxiv.org/pdf/2512.24497v2,/root/workspace/jepa/pdfs/2512.24497.pdf,"all:""JEPA""; all:""V-JEPA"""
2601.00844,2025-12-28T20:17:49Z,Value-guided action planning with JEPA world models,Matthieu Destrade; Oumayma Bounou; Quentin Le Lidec; Jean Ponce; Yann LeCun,cs.LG; cs.AI; cs.RO,False,https://huggingface.co/papers/2601.00844,https://arxiv.org/abs/2601.00844,https://arxiv.org/pdf/2601.00844v1,/root/workspace/jepa/pdfs/2601.00844.pdf,"all:""JEPA""; all:""Joint Embedding Predictive Architecture""; all:""Joint-Embedding Predictive Architecture"""
2512.21881,2025-12-26T06:10:31Z,SLIM-Brain: A Data- and Training-Efficient Foundation Model for fMRI Data Analysis,Mo Wang; Junfeng Xia; Wenhao Ye; Enyu Liu; Kaining Peng; Jianfeng Feng; Quanying Liu; Hongkai Wen,cs.CV; q-bio.NC,True,https://huggingface.co/papers/2512.21881,https://arxiv.org/abs/2512.21881,https://arxiv.org/pdf/2512.21881v3,/root/workspace/jepa/pdfs/2512.21881.pdf,"all:""JEPA"""
2512.19605,2025-12-22T17:41:26Z,KerJEPA: Kernel Discrepancies for Euclidean Self-Supervised Learning,Eric Zimmermann; Harley Wiltzer; Justin Szeto; David Alvarez-Melis; Lester Mackey,cs.LG; cs.CV,False,https://huggingface.co/papers/2512.19605,https://arxiv.org/abs/2512.19605,https://arxiv.org/pdf/2512.19605v1,/root/workspace/jepa/pdfs/2512.19605.pdf,"all:""JEPA""; all:""Joint Embedding Predictive Architecture""; all:""Joint-Embedding Predictive Architecture""; all:""LeJEPA"""
2512.19171,2025-12-22T09:05:06Z,JEPA-Reasoner: Decoupling Latent Reasoning from Token Generation,Bingyang Kelvin Liu; Ziyu Patrick Chen; David P. Woodruff,cs.CL,True,https://huggingface.co/papers/2512.19171,https://arxiv.org/abs/2512.19171,https://arxiv.org/pdf/2512.19171v3,/root/workspace/jepa/pdfs/2512.19171.pdf,"all:""JEPA""; all:""JEPA-Reasoner""; all:""Joint Embedding Predictive Architecture""; all:""Joint-Embedding Predictive Architecture"""
2512.15885,2025-12-17T19:01:34Z,Seeing Beyond Words: Self-Supervised Visual Learning for Multimodal Large Language Models,Davide Caffagni; Sara Sarto; Marcella Cornia; Lorenzo Baraldi; Pier Luigi Dovesi; Shaghayegh Roohi; Mark Granroth-Wilding; Rita Cucchiara,cs.CV; cs.AI; cs.CL; cs.MM,True,https://huggingface.co/papers/2512.15885,https://arxiv.org/abs/2512.15885,https://arxiv.org/pdf/2512.15885v1,/root/workspace/jepa/pdfs/2512.15885.pdf,"all:""I-JEPA""; all:""JEPA"""
2512.13684,2025-12-15T18:59:48Z,Recurrent Video Masked Autoencoders,Daniel Zoran; Nikhil Parthasarathy; Yi Yang; Drew A Hudson; Joao Carreira; Andrew Zisserman,cs.CV,True,https://huggingface.co/papers/2512.13684,https://arxiv.org/abs/2512.13684,https://arxiv.org/pdf/2512.13684v2,/root/workspace/jepa/pdfs/2512.13684.pdf,"all:""JEPA""; all:""V-JEPA"""
2512.10942,2025-12-11T18:59:22Z,VL-JEPA: Joint Embedding Predictive Architecture for Vision-language,Delong Chen; Mustafa Shukor; Theo Moutakanni; Willy Chung; Jade Yu; Tejaswi Kasarla; Yejin Bang; Allen Bolourchi; Yann LeCun; Pascale Fung,cs.CV,True,https://huggingface.co/papers/2512.10942,https://arxiv.org/abs/2512.10942,https://arxiv.org/pdf/2512.10942v2,/root/workspace/jepa/pdfs/2512.10942.pdf,"all:""JEPA""; all:""Joint Embedding Predictive Architecture""; all:""Joint-Embedding Predictive Architecture"""
2512.07168,2025-12-08T05:01:51Z,JEPA as a Neural Tokenizer: Learning Robust Speech Representations with Density Adaptive Attention,Georgios Ioannides; Christos Constantinou; Aman Chadha; Aaron Elkins; Linsey Pang; Ravid Shwartz-Ziv; Yann LeCun,cs.SD; cs.AI; cs.LG; eess.AS,True,https://huggingface.co/papers/2512.07168,https://arxiv.org/abs/2512.07168,https://arxiv.org/pdf/2512.07168v1,/root/workspace/jepa/pdfs/2512.07168.pdf,"all:""JEPA""; all:""Joint Embedding Predictive Architecture""; all:""Joint-Embedding Predictive Architecture"""
2512.06628,2025-12-07T02:28:06Z,MIND-V: Hierarchical World Model for Long-Horizon Robotic Manipulation with RL-based Physical Alignment,Ruicheng Zhang; Mingyang Zhang; Jun Zhou; Zhangrui Guo; Zunnan Xu; Xiaofan Liu; Zhizhou Zhong; Puxin Yan; Haocheng Luo; Xiu Li,cs.RO; cs.CV,True,https://huggingface.co/papers/2512.06628,https://arxiv.org/abs/2512.06628,https://arxiv.org/pdf/2512.06628v2,/root/workspace/jepa/pdfs/2512.06628.pdf,"all:""V-JEPA2"""
2512.06232,2025-12-06T00:49:41Z,Opinion: Learning Intuitive Physics May Require More than Visual Data,Ellen Su; Solim Legris; Todd M. Gureckis; Mengye Ren,cs.CV; cs.LG,False,https://huggingface.co/papers/2512.06232,https://arxiv.org/abs/2512.06232,https://arxiv.org/pdf/2512.06232v1,/root/workspace/jepa/pdfs/2512.06232.pdf,"all:""JEPA""; all:""Joint Embedding Predictive Architecture""; all:""Joint-Embedding Predictive Architecture""; all:""V-JEPA"""
2511.23428,2025-11-28T18:25:54Z,DisMo: Disentangled Motion Representations for Open-World Motion Transfer,Thomas Ressler-Antal; Frank Fundel; Malek Ben Alaya; Stefan Andreas Baumann; Felix Krause; Ming Gui; Björn Ommer,cs.CV,False,https://huggingface.co/papers/2511.23428,https://arxiv.org/abs/2511.23428,https://arxiv.org/pdf/2511.23428v1,/root/workspace/jepa/pdfs/2511.23428.pdf,"all:""JEPA""; all:""V-JEPA"""
2511.18640,2025-11-23T22:34:50Z,Health system learning achieves generalist neuroimaging models,Akhil Kondepudi; Akshay Rao; Chenhui Zhao; Yiwei Lyu; Samir Harake; Soumyanil Banerjee; Rushikesh Joshi; Anna-Katharina Meissner; Renly Hou; Cheng Jiang; Asadur Chowdury; Ashok Srinivasan; Brian Athey; Vikas Gulani; Aditya Pandey; Honglak Lee; Todd Hollon,cs.CV; cs.AI; cs.LG,True,https://huggingface.co/papers/2511.18640,https://arxiv.org/abs/2511.18640,https://arxiv.org/pdf/2511.18640v1,/root/workspace/jepa/pdfs/2511.18640.pdf,"all:""Joint Embedding Predictive Architecture""; all:""Joint-Embedding Predictive Architecture"""
2511.18424,2025-11-23T12:40:04Z,CrossJEPA: Cross-Modal Joint-Embedding Predictive Architecture for Efficient 3D Representation Learning from 2D Images,Avishka Perera; Kumal Hewagamage; Saeedha Nazar; Kavishka Abeywardana; Hasitha Gallella; Ranga Rodrigo; Mohamed Afham,cs.CV,False,https://huggingface.co/papers/2511.18424,https://arxiv.org/abs/2511.18424,https://arxiv.org/pdf/2511.18424v1,/root/workspace/jepa/pdfs/2511.18424.pdf,"all:""JEPA""; all:""Joint Embedding Predictive Architecture""; all:""Joint-Embedding Predictive Architecture"""
2511.17354,2025-11-21T16:18:50Z,DSeq-JEPA: Discriminative Sequential Joint-Embedding Predictive Architecture,Xiangteng He; Shunsuke Sakai; Shivam Chandhok; Sara Beery; Kun Yuan; Nicolas Padoy; Tatsuhito Hasegawa; Leonid Sigal,cs.CV,True,https://huggingface.co/papers/2511.17354,https://arxiv.org/abs/2511.17354,https://arxiv.org/pdf/2511.17354v3,/root/workspace/jepa/pdfs/2511.17354.pdf,"all:""I-JEPA""; all:""JEPA""; all:""Joint Embedding Predictive Architecture""; all:""Joint-Embedding Predictive Architecture"""
2511.16567,2025-11-20T17:22:51Z,POMA-3D: The Point Map Way to 3D Scene Understanding,Ye Mao; Weixun Luo; Ranran Huang; Junpeng Jing; Krystian Mikolajczyk,cs.CV,False,https://huggingface.co/papers/2511.16567,https://arxiv.org/abs/2511.16567,https://arxiv.org/pdf/2511.16567v2,/root/workspace/jepa/pdfs/2511.16567.pdf,"all:""JEPA""; all:""Joint Embedding Predictive Architecture""; all:""Joint-Embedding Predictive Architecture"""
2511.16333,2025-11-20T13:11:45Z,"Beyond Generative AI: World Models for Clinical Prediction, Counterfactuals, and Planning",Mohammad Areeb Qazi; Maryam Nadeem; Mohammad Yaqub,cs.LG,False,https://huggingface.co/papers/2511.16333,https://arxiv.org/abs/2511.16333,https://arxiv.org/pdf/2511.16333v1,/root/workspace/jepa/pdfs/2511.16333.pdf,"all:""JEPA""; all:""Joint Embedding Predictive Architecture""; all:""Joint-Embedding Predictive Architecture"""
2511.10894,2025-11-14T02:14:08Z,DINOv3 as a Frozen Encoder for CRPS-Oriented Probabilistic Rainfall Nowcasting,Luciano Araujo Dourado Filho; Almir Moreira da Silva Neto; Anthony Miyaguchi; Rodrigo Pereira David; Rodrigo Tripodi Calumby; Lukáš Picek,cs.CV; cs.AI,False,https://huggingface.co/papers/2511.10894,https://arxiv.org/abs/2511.10894,https://arxiv.org/pdf/2511.10894v2,/root/workspace/jepa/pdfs/2511.10894.pdf,"all:""JEPA""; all:""V-JEPA"""
2511.09783,2025-11-12T22:33:56Z,Koopman Invariants as Drivers of Emergent Time-Series Clustering in Joint-Embedding Predictive Architectures,Pablo Ruiz-Morales; Dries Vanoost; Davy Pissoort; Mathias Verbeke,cs.LG; cs.AI,False,https://huggingface.co/papers/2511.09783,https://arxiv.org/abs/2511.09783,https://arxiv.org/pdf/2511.09783v2,/root/workspace/jepa/pdfs/2511.09783.pdf,"all:""JEPA""; all:""Joint Embedding Predictive Architecture""; all:""Joint-Embedding Predictive Architecture"""
2511.09675,2025-11-12T19:27:40Z,PriVi: Towards A General-Purpose Video Model For Primate Behavior In The Wild,Felix B. Mueller; Jan F. Meier; Timo Lueddecke; Richard Vogg; Roger L. Freixanet; Valentin Hassler; Tiffany Bosshard; Elif Karakoc; William J. O'Hearn; Sofia M. Pereira; Sandro Sehner; Kaja Wierucka; Judith Burkart; Claudia Fichtel; Julia Fischer; Alexander Gail; Catherine Hobaiter; Julia Ostner; Liran Samuni; Oliver Schülke; Neda Shahidi; Erin G. Wessling; Alexander S. Ecker,cs.CV; cs.LG,True,https://huggingface.co/papers/2511.09675,https://arxiv.org/abs/2511.09675,https://arxiv.org/pdf/2511.09675v3,/root/workspace/jepa/pdfs/2511.09675.pdf,"all:""JEPA""; all:""V-JEPA"""
2511.08544,2025-11-11T18:21:55Z,LeJEPA: Provable and Scalable Self-Supervised Learning Without the Heuristics,Randall Balestriero; Yann LeCun,cs.LG; cs.AI; cs.CV; stat.ML,True,https://huggingface.co/papers/2511.08544,https://arxiv.org/abs/2511.08544,https://arxiv.org/pdf/2511.08544v3,/root/workspace/jepa/pdfs/2511.08544.pdf,"all:""JEPA""; all:""Joint Embedding Predictive Architecture""; all:""Joint-Embedding Predictive Architecture""; all:""LeJEPA"""
2511.05622,2025-11-06T23:12:43Z,Grounding Foundational Vision Models with 3D Human Poses for Robust Action Recognition,Nicholas Babey; Tiffany Gu; Yiheng Li; Cristian Meo; Kevin Zhu,cs.CV; cs.AI; cs.LG; cs.RO,False,https://huggingface.co/papers/2511.05622,https://arxiv.org/abs/2511.05622,https://arxiv.org/pdf/2511.05622v1,/root/workspace/jepa/pdfs/2511.05622.pdf,"all:""JEPA""; all:""V-JEPA"""
2510.21581,2025-10-24T15:49:54Z,Foley Control: Aligning a Frozen Latent Text-to-Audio Model to Video,Ciara Rowles; Varun Jampani; Simon Donné; Shimon Vainer; Julian Parker; Zach Evans,cs.CV; cs.SD,True,https://huggingface.co/papers/2510.21581,https://arxiv.org/abs/2510.21581,https://arxiv.org/pdf/2510.21581v1,/root/workspace/jepa/pdfs/2510.21581.pdf,"all:""V-JEPA2"""
2510.21840,2025-10-22T13:40:38Z,Improving the Physics of Video Generation with VJEPA-2 Reward Signal,Jianhao Yuan; Xiaofeng Zhang; Felix Friedrich; Nicolas Beltran-Velez; Melissa Hall; Reyhane Askari-Hemmat; Xiaochuang Han; Nicolas Ballas; Michal Drozdzal; Adriana Romero-Soriano,cs.CV; cs.GR,False,https://huggingface.co/papers/2510.21840,https://arxiv.org/abs/2510.21840,https://arxiv.org/pdf/2510.21840v1,/root/workspace/jepa/pdfs/2510.21840.pdf,"all:""Joint Embedding Predictive Architecture""; all:""Joint-Embedding Predictive Architecture"""
2510.16240,2025-10-17T22:05:25Z,Cosmos-Surg-dVRK: World Foundation Model-based Automated Online Evaluation of Surgical Robot Policy Learning,Lukas Zbinden; Nigel Nelson; Juo-Tung Chen; Xinhao Chen; Ji Woong Kim; Mahdi Azizian; Axel Krieger; Sean Huver,cs.RO,False,https://huggingface.co/papers/2510.16240,https://arxiv.org/abs/2510.16240,https://arxiv.org/pdf/2510.16240v2,/root/workspace/jepa/pdfs/2510.16240.pdf,"all:""JEPA""; all:""V-JEPA"""
2510.14876,2025-10-16T16:55:30Z,BADAS: Context Aware Collision Prediction Using Real-World Dashcam Data,Roni Goldshmidt; Hamish Scott; Lorenzo Niccolini; Shizhan Zhu; Daniel Moura; Orly Zvitia,cs.CV,True,https://huggingface.co/papers/2510.14876,https://arxiv.org/abs/2510.14876,https://arxiv.org/pdf/2510.14876v1,/root/workspace/jepa/pdfs/2510.14876.pdf,"all:""V-JEPA2"""
2510.05949,2025-10-07T14:06:30Z,Gaussian Embeddings: How JEPAs Secretly Learn Your Data Density,Randall Balestriero; Nicolas Ballas; Mike Rabbat; Yann LeCun,cs.LG; cs.AI; cs.CV; stat.ML,True,https://huggingface.co/papers/2510.05949,https://arxiv.org/abs/2510.05949,https://arxiv.org/pdf/2510.05949v1,/root/workspace/jepa/pdfs/2510.05949.pdf,"all:""I-JEPA""; all:""JEPA""; all:""Joint Embedding Predictive Architecture""; all:""Joint-Embedding Predictive Architecture"""
2510.03706,2025-10-04T07:11:20Z,EmbodiSwap for Zero-Shot Robot Imitation Learning,Eadom Dessalene; Pavan Mantripragada; Michael Maynord; Yiannis Aloimonos,cs.RO; cs.AI; cs.CV; cs.LG,False,https://huggingface.co/papers/2510.03706,https://arxiv.org/abs/2510.03706,https://arxiv.org/pdf/2510.03706v1,/root/workspace/jepa/pdfs/2510.03706.pdf,"all:""JEPA""; all:""V-JEPA"""
2510.03075,2025-10-03T15:02:27Z,What Drives Compositional Generalization in Visual Generative Models?,Karim Farid; Rajat Sahay; Yumna Ali Alnaggar; Simon Schrodi; Volker Fischer; Cordelia Schmid; Thomas Brox,cs.CV; cs.AI; cs.LG,False,https://huggingface.co/papers/2510.03075,https://arxiv.org/abs/2510.03075,https://arxiv.org/pdf/2510.03075v2,/root/workspace/jepa/pdfs/2510.03075.pdf,"all:""JEPA"""
2510.02311,2025-10-02T17:59:50Z,Inferring Dynamic Physical Properties from Video Foundation Models,Guanqi Zhan; Xianzheng Ma; Weidi Xie; Andrew Zisserman,cs.CV; cs.LG,False,https://huggingface.co/papers/2510.02311,https://arxiv.org/abs/2510.02311,https://arxiv.org/pdf/2510.02311v2,/root/workspace/jepa/pdfs/2510.02311.pdf,"all:""JEPA""; all:""V-JEPA"""
2510.00974,2025-10-01T14:51:10Z,JEPA-T: Joint-Embedding Predictive Architecture with Text Fusion for Image Generation,Siheng Wan; Zhengtao Yao; Zhengdao Li; Junhao Dong; Yanshu Li; Yikai Li; Linshan Li; Haoyan Xu; Yijiang Li; Zhikang Dong; Huacan Wang; Jifeng Shen,cs.CV,True,https://huggingface.co/papers/2510.00974,https://arxiv.org/abs/2510.00974,https://arxiv.org/pdf/2510.00974v1,/root/workspace/jepa/pdfs/2510.00974.pdf,"all:""Joint Embedding Predictive Architecture""; all:""Joint-Embedding Predictive Architecture"""
2509.25449,2025-09-29T19:57:37Z,Joint Embeddings Go Temporal,Sofiane Ennadir; Siavash Golkar; Leopoldo Sarra,cs.LG; cs.AI,True,https://huggingface.co/papers/2509.25449,https://arxiv.org/abs/2509.25449,https://arxiv.org/pdf/2509.25449v1,/root/workspace/jepa/pdfs/2509.25449.pdf,"all:""Joint Embedding Predictive Architecture""; all:""Joint-Embedding Predictive Architecture"""
2509.24317,2025-09-29T05:55:17Z,Rethinking JEPA: Compute-Efficient Video SSL with Frozen Teachers,Xianhang Li; Chen Huang; Chun-Liang Li; Eran Malach; Josh Susskind; Vimal Thilak; Etai Littwin,cs.LG; cs.CV,True,https://huggingface.co/papers/2509.24317,https://arxiv.org/abs/2509.24317,https://arxiv.org/pdf/2509.24317v1,/root/workspace/jepa/pdfs/2509.24317.pdf,"all:""Joint Embedding Predictive Architecture""; all:""Joint-Embedding Predictive Architecture""; all:""V-JEPA"""
2509.23238,2025-09-27T10:38:14Z,WavJEPA: Semantic learning unlocks robust audio foundation models for raw waveforms,Goksenin Yuksel; Pierre Guetschel; Michael Tangermann; Marcel van Gerven; Kiki van der Heijden,cs.SD; eess.AS,True,https://huggingface.co/papers/2509.23238,https://arxiv.org/abs/2509.23238,https://arxiv.org/pdf/2509.23238v3,/root/workspace/jepa/pdfs/2509.23238.pdf,"all:""Joint Embedding Predictive Architecture""; all:""Joint-Embedding Predictive Architecture"""
2509.21595,2025-09-25T21:05:07Z,Temporal vs. Spatial: Comparing DINOv3 and V-JEPA2 Feature Representations for Video Action Analysis,Sai Varun Kodathala; Rakesh Vunnam,cs.CV; cs.AI,False,https://huggingface.co/papers/2509.21595,https://arxiv.org/abs/2509.21595,https://arxiv.org/pdf/2509.21595v1,/root/workspace/jepa/pdfs/2509.21595.pdf,"all:""V-JEPA2"""
2509.15470,2025-09-18T22:35:44Z,Self-supervised learning of imaging and clinical signatures using a multimodal joint-embedding predictive architecture,Thomas Z. Li; Aravind R. Krishnan; Lianrui Zuo; John M. Still; Kim L. Sandler; Fabien Maldonado; Thomas A. Lasko; Bennett A. Landman,cs.CV; cs.AI,False,https://huggingface.co/papers/2509.15470,https://arxiv.org/abs/2509.15470,https://arxiv.org/pdf/2509.15470v1,/root/workspace/jepa/pdfs/2509.15470.pdf,"all:""Joint Embedding Predictive Architecture""; all:""Joint-Embedding Predictive Architecture"""
2509.12193,2025-09-15T17:54:20Z,Domain-Adaptive Pretraining Improves Primate Behavior Recognition,Felix B. Mueller; Timo Lueddecke; Richard Vogg; Alexander S. Ecker,cs.CV,True,https://huggingface.co/papers/2509.12193,https://arxiv.org/abs/2509.12193,https://arxiv.org/pdf/2509.12193v1,/root/workspace/jepa/pdfs/2509.12193.pdf,"all:""V-JEPA"""
2509.12249,2025-09-12T05:28:29Z,Why and How Auxiliary Tasks Improve JEPA Representations,Jiacan Yu; Siyi Chen; Mingrui Liu; Nono Horiuchi; Vladimir Braverman; Zicheng Xu; Dan Haramati; Randall Balestriero,cs.LG; cs.AI,False,https://huggingface.co/papers/2509.12249,https://arxiv.org/abs/2509.12249,https://arxiv.org/pdf/2509.12249v2,/root/workspace/jepa/pdfs/2509.12249.pdf,"all:""Joint Embedding Predictive Architecture""; all:""Joint-Embedding Predictive Architecture"""
2509.14252,2025-09-11T03:03:57Z,LLM-JEPA: Large Language Models Meet Joint Embedding Predictive Architectures,Hai Huang; Yann LeCun; Randall Balestriero,cs.CL; cs.AI,True,https://huggingface.co/papers/2509.14252,https://arxiv.org/abs/2509.14252,https://arxiv.org/pdf/2509.14252v2,/root/workspace/jepa/pdfs/2509.14252.pdf,"all:""Joint Embedding Predictive Architecture""; all:""Joint-Embedding Predictive Architecture""; all:""LLM-JEPA"""
2509.06831,2025-09-08T16:04:19Z,Leveraging Generic Foundation Models for Multimodal Surgical Data Analysis,Simon Pezold; Jérôme A. Kurylec; Jan S. Liechti; Beat P. Müller; Joël L. Lavanchy,cs.CV,True,https://huggingface.co/papers/2509.06831,https://arxiv.org/abs/2509.06831,https://arxiv.org/pdf/2509.06831v1,/root/workspace/jepa/pdfs/2509.06831.pdf,"all:""V-JEPA"""
2508.10489,2025-08-14T09:46:11Z,Learning State-Space Models of Dynamic Systems from Arbitrary Data using Joint Embedding Predictive Architectures,Jonas Ulmen; Ganesh Sundaram; Daniel Görges,cs.LG,False,https://huggingface.co/papers/2508.10489,https://arxiv.org/abs/2508.10489,https://arxiv.org/pdf/2508.10489v1,/root/workspace/jepa/pdfs/2508.10489.pdf,"all:""Joint Embedding Predictive Architecture""; all:""Joint-Embedding Predictive Architecture"""
2508.02829,2025-08-04T18:52:17Z,Elucidating the Role of Feature Normalization in IJEPA,Adam Colton,cs.CV,False,https://huggingface.co/papers/2508.02829,https://arxiv.org/abs/2508.02829,https://arxiv.org/pdf/2508.02829v1,/root/workspace/jepa/pdfs/2508.02829.pdf,"all:""Joint Embedding Predictive Architecture""; all:""Joint-Embedding Predictive Architecture"""
2507.20491,2025-07-28T03:00:35Z,"Speaking in Words, Thinking in Logic: A Dual-Process Framework in QA Systems",Tuan Bui; Trong Le; Phat Thai; Sang Nguyen; Minh Hua; Ngan Pham; Thang Bui; Tho Quan,cs.CL; cs.AI; cs.SC,True,https://huggingface.co/papers/2507.20491,https://arxiv.org/abs/2507.20491,https://arxiv.org/pdf/2507.20491v1,/root/workspace/jepa/pdfs/2507.20491.pdf,"all:""Joint Embedding Predictive Architecture""; all:""Joint-Embedding Predictive Architecture"""
2507.19956,2025-07-26T13:57:08Z,Predicting Brain Responses To Natural Movies With Multimodal LLMs,Cesar Kadir Torrico Villanueva; Jiaxin Cindy Tu; Mihir Tripathy; Connor Lane; Rishab Iyer; Paul S. Scotti,cs.CV; cs.AI; q-bio.NC,False,https://huggingface.co/papers/2507.19956,https://arxiv.org/abs/2507.19956,https://arxiv.org/pdf/2507.19956v1,/root/workspace/jepa/pdfs/2507.19956.pdf,"all:""V-JEPA2"""
2507.18424,2025-07-24T14:01:02Z,Self-Supervised Ultrasound-Video Segmentation with Feature Prediction and 3D Localised Loss,Edward Ellis; Robert Mendel; Andrew Bulpitt; Nasim Parsa; Michael F Byrne; Sharib Ali,cs.CV,False,https://huggingface.co/papers/2507.18424,https://arxiv.org/abs/2507.18424,https://arxiv.org/pdf/2507.18424v1,/root/workspace/jepa/pdfs/2507.18424.pdf,"all:""V-JEPA"""
2507.17958,2025-07-23T22:02:56Z,VIBE: Video-Input Brain Encoder for fMRI Response Modeling,Daniel Carlström Schad; Shrey Dixit; Janis Keck; Viktor Studenyak; Aleksandr Shpilevoi; Andrej Bicanski,cs.LG; cs.AI; cs.CV,True,https://huggingface.co/papers/2507.17958,https://arxiv.org/abs/2507.17958,https://arxiv.org/pdf/2507.17958v2,/root/workspace/jepa/pdfs/2507.17958.pdf,"all:""V-JEPA"""
2507.15216,2025-07-21T03:36:58Z,Improving Joint Embedding Predictive Architecture with Diffusion Noise,Yuping Qiu; Rui Zhu; Ying-cong Chen,cs.CV,True,https://huggingface.co/papers/2507.15216,https://arxiv.org/abs/2507.15216,https://arxiv.org/pdf/2507.15216v1,/root/workspace/jepa/pdfs/2507.15216.pdf,"all:""Joint Embedding Predictive Architecture""; all:""Joint-Embedding Predictive Architecture"""
2507.03633,2025-07-04T15:01:34Z,From Video to EEG: Adapting Joint Embedding Predictive Architecture to Uncover Saptiotemporal Dynamics in Brain Signal Analysis,Amirabbas Hojjati; Lu Li; Ibrahim Hameed; Anis Yazidi; Pedro G. Lind; Rabindra Khadka,cs.CV; cs.AI; cs.LG,True,https://huggingface.co/papers/2507.03633,https://arxiv.org/abs/2507.03633,https://arxiv.org/pdf/2507.03633v5,/root/workspace/jepa/pdfs/2507.03633.pdf,"all:""Joint Embedding Predictive Architecture""; all:""Joint-Embedding Predictive Architecture""; all:""V-JEPA"""
2507.01080,2025-07-01T16:37:55Z,"Development and Comparative Evaluation of Three Artificial Intelligence Models (NLP, LLM, JEPA) for Predicting Triage in Emergency Departments: A 7-Month Retrospective Proof-of-Concept",Edouard Lansiaux; Ramy Azzouz; Emmanuel Chazard; Amélie Vromant; Eric Wiel,cs.LG; cs.PF,False,https://huggingface.co/papers/2507.01080,https://arxiv.org/abs/2507.01080,https://arxiv.org/pdf/2507.01080v2,/root/workspace/jepa/pdfs/2507.01080.pdf,"all:""LLM-JEPA"""
2506.20795,2025-06-25T19:36:45Z,How do Foundation Models Compare to Skeleton-Based Approaches for Gesture Recognition in Human-Robot Interaction?,Stephanie Käs; Anton Burenko; Louis Markert; Onur Alp Culha; Dennis Mack; Timm Linder; Bastian Leibe,cs.CV; cs.HC; cs.RO,False,https://huggingface.co/papers/2506.20795,https://arxiv.org/abs/2506.20795,https://arxiv.org/pdf/2506.20795v1,/root/workspace/jepa/pdfs/2506.20795.pdf,"all:""V-JEPA"""
2507.02915,2025-06-25T08:38:27Z,Audio-JEPA: Joint-Embedding Predictive Architecture for Audio Representation Learning,Ludovic Tuncay; Etienne Labbé; Emmanouil Benetos; Thomas Pellegrini,cs.SD; cs.AI; cs.LG; eess.AS; eess.SP,True,https://huggingface.co/papers/2507.02915,https://arxiv.org/abs/2507.02915,https://arxiv.org/pdf/2507.02915v1,/root/workspace/jepa/pdfs/2507.02915.pdf,"all:""Joint Embedding Predictive Architecture""; all:""Joint-Embedding Predictive Architecture"""
2506.18220,2025-06-23T00:57:43Z,Cross-Architecture Knowledge Distillation (KD) for Retinal Fundus Image Anomaly Detection on NVIDIA Jetson Nano,Berk Yilmaz; Aniruddh Aiyengar,cs.CV; cs.AI; cs.LG,False,https://huggingface.co/papers/2506.18220,https://arxiv.org/abs/2506.18220,https://arxiv.org/pdf/2506.18220v1,/root/workspace/jepa/pdfs/2506.18220.pdf,"all:""I-JEPA"""
2506.18194,2025-06-22T22:51:53Z,Joint Embedding Predictive Architecture for self-supervised pretraining on polymer molecular graphs,Francesco Piccoli; Gabriel Vogel; Jana M. Weber,cs.LG,False,https://huggingface.co/papers/2506.18194,https://arxiv.org/abs/2506.18194,https://arxiv.org/pdf/2506.18194v1,/root/workspace/jepa/pdfs/2506.18194.pdf,"all:""Joint Embedding Predictive Architecture""; all:""Joint-Embedding Predictive Architecture"""
2506.16216,2025-06-19T11:08:20Z,From Pixels to CSI: Distilling Latent Dynamics For Efficient Wireless Resource Management,Charbel Bou Chaaya; Abanoub M. Girgis; Mehdi Bennis,cs.LG,False,https://huggingface.co/papers/2506.16216,https://arxiv.org/abs/2506.16216,https://arxiv.org/pdf/2506.16216v1,/root/workspace/jepa/pdfs/2506.16216.pdf,"all:""Joint Embedding Predictive Architecture""; all:""Joint-Embedding Predictive Architecture"""
2507.00028,2025-06-17T11:46:03Z,HiT-JEPA: A Hierarchical Self-supervised Trajectory Embedding Framework for Similarity Computation,Lihuan Li; Hao Xue; Shuang Ao; Yang Song; Flora Salim,cs.LG; cs.AI; cs.CV,False,https://huggingface.co/papers/2507.00028,https://arxiv.org/abs/2507.00028,https://arxiv.org/pdf/2507.00028v1,/root/workspace/jepa/pdfs/2507.00028.pdf,"all:""Joint Embedding Predictive Architecture""; all:""Joint-Embedding Predictive Architecture"""
2506.09985,2025-06-11T17:57:09Z,"V-JEPA 2: Self-Supervised Video Models Enable Understanding, Prediction and Planning",Mido Assran; Adrien Bardes; David Fan; Quentin Garrido; Russell Howes; Mojtaba; Komeili; Matthew Muckley; Ammar Rizvi; Claire Roberts; Koustuv Sinha; Artem Zholus; Sergio Arnaud; Abha Gejji; Ada Martin; Francois Robert Hogan; Daniel Dugas; Piotr Bojanowski; Vasil Khalidov; Patrick Labatut; Francisco Massa; Marc Szafraniec; Kapil Krishnakumar; Yong Li; Xiaodong Ma; Sarath Chandar; Franziska Meier; Yann LeCun; Michael Rabbat; Nicolas Ballas,cs.AI; cs.CV; cs.LG; cs.RO,True,https://huggingface.co/papers/2506.09985,https://arxiv.org/abs/2506.09985,https://arxiv.org/pdf/2506.09985v1,/root/workspace/jepa/pdfs/2506.09985.pdf,"all:""Joint Embedding Predictive Architecture""; all:""Joint-Embedding Predictive Architecture""; all:""V-JEPA"""
2506.14782,2025-05-25T03:34:33Z,Integrating Dynamical Systems Learning with Foundational Models: A Meta-Evolutionary AI Framework for Clinical Trials,Joseph Geraci; Bessi Qorri; Christian Cumbaa; Mike Tsay; Paul Leonczyk; Luca Pani,cs.LG; q-bio.QM,False,https://huggingface.co/papers/2506.14782,https://arxiv.org/abs/2506.14782,https://arxiv.org/pdf/2506.14782v2,/root/workspace/jepa/pdfs/2506.14782.pdf,"all:""Joint Embedding Predictive Architecture""; all:""Joint-Embedding Predictive Architecture"""
2505.14543,2025-05-20T15:58:54Z,Time to Embed: Unlocking Foundation Models for Time Series with Channel Descriptions,Utsav Dutta; Sina Khoshfetrat Pakazad; Henrik Ohlsson,cs.LG,False,https://huggingface.co/papers/2505.14543,https://arxiv.org/abs/2505.14543,https://arxiv.org/pdf/2505.14543v1,/root/workspace/jepa/pdfs/2505.14543.pdf,"all:""Joint Embedding Predictive Architecture""; all:""Joint-Embedding Predictive Architecture"""
2505.03176,2025-05-06T04:39:11Z,seq-JEPA: Autoregressive Predictive Learning of Invariant-Equivariant World Models,Hafez Ghaemi; Eilif Muller; Shahab Bakhtiari,cs.CV; cs.AI; cs.LG,True,https://huggingface.co/papers/2505.03176,https://arxiv.org/abs/2505.03176,https://arxiv.org/pdf/2505.03176v3,/root/workspace/jepa/pdfs/2505.03176.pdf,"all:""Joint Embedding Predictive Architecture""; all:""Joint-Embedding Predictive Architecture"""
2504.16591,2025-04-23T10:16:12Z,JEPA for RL: Investigating Joint-Embedding Predictive Architectures for Reinforcement Learning,Tristan Kenneweg; Philip Kenneweg; Barbara Hammer,cs.CV,False,https://huggingface.co/papers/2504.16591,https://arxiv.org/abs/2504.16591,https://arxiv.org/pdf/2504.16591v1,/root/workspace/jepa/pdfs/2504.16591.pdf,"all:""Joint Embedding Predictive Architecture""; all:""Joint-Embedding Predictive Architecture"""
2504.16140,2025-04-22T02:43:00Z,SparseJEPA: Sparse Representation Learning of Joint Embedding Predictive Architectures,Max Hartman; Lav Varshney,cs.LG; cs.AI,True,https://huggingface.co/papers/2504.16140,https://arxiv.org/abs/2504.16140,https://arxiv.org/pdf/2504.16140v1,/root/workspace/jepa/pdfs/2504.16140.pdf,"all:""Joint Embedding Predictive Architecture""; all:""Joint-Embedding Predictive Architecture"""
2504.12721,2025-04-17T07:54:26Z,TimeCapsule: Solving the Jigsaw Puzzle of Long-Term Time Series Forecasting with Compressed Predictive Representations,Yihang Lu; Yangyang Xu; Qitao Qing; Xianwei Meng,cs.LG; cs.AI; eess.SP,False,https://huggingface.co/papers/2504.12721,https://arxiv.org/abs/2504.12721,https://arxiv.org/pdf/2504.12721v3,/root/workspace/jepa/pdfs/2504.12721.pdf,"all:""Joint Embedding Predictive Architecture""; all:""Joint-Embedding Predictive Architecture"""
2504.10512,2025-04-10T01:31:11Z,JEPA4Rec: Learning Effective Language Representations for Sequential Recommendation via Joint Embedding Predictive Architecture,Minh-Anh Nguyen; Dung D. Le,cs.IR; cs.AI; cs.CL,False,https://huggingface.co/papers/2504.10512,https://arxiv.org/abs/2504.10512,https://arxiv.org/pdf/2504.10512v3,/root/workspace/jepa/pdfs/2504.10512.pdf,"all:""Joint Embedding Predictive Architecture""; all:""Joint-Embedding Predictive Architecture"""
2504.03169,2025-04-04T04:59:10Z,REJEPA: A Novel Joint-Embedding Predictive Architecture for Efficient Remote Sensing Image Retrieval,Shabnam Choudhury; Yash Salunkhe; Sarthak Mehrotra; Biplab Banerjee,cs.CV,False,https://huggingface.co/papers/2504.03169,https://arxiv.org/abs/2504.03169,https://arxiv.org/pdf/2504.03169v2,/root/workspace/jepa/pdfs/2504.03169.pdf,"all:""Joint Embedding Predictive Architecture""; all:""Joint-Embedding Predictive Architecture"""
2504.01928,2025-04-02T17:38:03Z,Is the Reversal Curse a Binding Problem? Uncovering Limitations of Transformers from a Basic Generalization Failure,Boshi Wang; Huan Sun,cs.CL; cs.LG,True,https://huggingface.co/papers/2504.01928,https://arxiv.org/abs/2504.01928,https://arxiv.org/pdf/2504.01928v2,/root/workspace/jepa/pdfs/2504.01928.pdf,"all:""Joint Embedding Predictive Architecture""; all:""Joint-Embedding Predictive Architecture"""
2503.06380,2025-03-09T01:34:28Z,TI-JEPA: An Innovative Energy-based Joint Embedding Strategy for Text-Image Multimodal Systems,Khang H. N. Vo; Duc P. T. Nguyen; Thong Nguyen; Tho T. Quan,cs.CV; cs.CL,True,https://huggingface.co/papers/2503.06380,https://arxiv.org/abs/2503.06380,https://arxiv.org/pdf/2503.06380v1,/root/workspace/jepa/pdfs/2503.06380.pdf,"all:""Joint Embedding Predictive Architecture""; all:""Joint-Embedding Predictive Architecture"""
2503.01411,2025-03-03T11:05:44Z,Learning Actionable World Models for Industrial Process Control,Peng Yan; Ahmed Abdulkadir; Gerrit A. Schatte; Giulia Aguzzi; Joonsu Gha; Nikola Pascher; Matthias Rosenthal; Yunlong Gao; Benjamin F. Grewe; Thilo Stadelmann,cs.LG; cs.AI; eess.SY,False,https://huggingface.co/papers/2503.01411,https://arxiv.org/abs/2503.01411,https://arxiv.org/pdf/2503.01411v3,/root/workspace/jepa/pdfs/2503.01411.pdf,"all:""Joint Embedding Predictive Architecture""; all:""Joint-Embedding Predictive Architecture"""
2503.05774,2025-02-25T22:03:28Z,GeoJEPA: Towards Eliminating Augmentation- and Sampling Bias in Multimodal Geospatial Learning,Theodor Lundqvist; Ludvig Delvret,cs.LG; cs.DB,False,https://huggingface.co/papers/2503.05774,https://arxiv.org/abs/2503.05774,https://arxiv.org/pdf/2503.05774v1,/root/workspace/jepa/pdfs/2503.05774.pdf,"all:""Joint Embedding Predictive Architecture""; all:""Joint-Embedding Predictive Architecture"""
2502.18056,2025-02-25T10:21:49Z,Escaping The Big Data Paradigm in Self-Supervised Representation Learning,Carlos Vélez García; Miguel Cazorla; Jorge Pomares,cs.CV,False,https://huggingface.co/papers/2502.18056,https://arxiv.org/abs/2502.18056,https://arxiv.org/pdf/2502.18056v2,/root/workspace/jepa/pdfs/2502.18056.pdf,"all:""Joint Embedding Predictive Architecture""; all:""Joint-Embedding Predictive Architecture"""
2502.14819,2025-02-20T18:39:41Z,Learning from Reward-Free Offline Data: A Case for Planning with Latent Dynamics Models,Vlad Sobal; Wancong Zhang; Kyunghyun Cho; Randall Balestriero; Tim G. J. Rudner; Yann LeCun,cs.LG,True,https://huggingface.co/papers/2502.14819,https://arxiv.org/abs/2502.14819,https://arxiv.org/pdf/2502.14819v4,/root/workspace/jepa/pdfs/2502.14819.pdf,"all:""Joint Embedding Predictive Architecture""; all:""Joint-Embedding Predictive Architecture"""
2502.03933,2025-02-06T10:16:27Z,HEP-JEPA: A foundation model for collider physics using joint embedding predictive architecture,Jai Bardhan; Radhikesh Agrawal; Abhiram Tilak; Cyrin Neeraj; Subhadip Mitra,cs.LG; hep-ex; hep-ph,True,https://huggingface.co/papers/2502.03933,https://arxiv.org/abs/2502.03933,https://arxiv.org/pdf/2502.03933v1,/root/workspace/jepa/pdfs/2502.03933.pdf,"all:""Joint Embedding Predictive Architecture""; all:""Joint-Embedding Predictive Architecture"""
2502.01684,2025-02-02T07:42:45Z,"Predict, Cluster, Refine: A Joint Embedding Predictive Self-Supervised Framework for Graph Representation Learning",Srinitish Srinivasan; Omkumar CU,cs.LG; cs.AI; cs.SI,False,https://huggingface.co/papers/2502.01684,https://arxiv.org/abs/2502.01684,https://arxiv.org/pdf/2502.01684v4,/root/workspace/jepa/pdfs/2502.01684.pdf,"all:""Joint Embedding Predictive Architecture""; all:""Joint-Embedding Predictive Architecture"""
2501.14622,2025-01-24T16:41:41Z,ACT-JEPA: Novel Joint-Embedding Predictive Architecture for Efficient Policy Representation Learning,Aleksandar Vujinovic; Aleksandar Kovacevic,cs.LG; cs.AI,True,https://huggingface.co/papers/2501.14622,https://arxiv.org/abs/2501.14622,https://arxiv.org/pdf/2501.14622v4,/root/workspace/jepa/pdfs/2501.14622.pdf,"all:""Joint Embedding Predictive Architecture""; all:""Joint-Embedding Predictive Architecture"""
2501.04969,2025-01-09T04:47:51Z,Self-Supervised Representation Learning with Joint Embedding Predictive Architecture for Automotive LiDAR Object Detection,Haoran Zhu; Zhenyuan Dong; Kristi Topollai; Beiyao Sha; Anna Choromanska,cs.RO; cs.CV,True,https://huggingface.co/papers/2501.04969,https://arxiv.org/abs/2501.04969,https://arxiv.org/pdf/2501.04969v2,/root/workspace/jepa/pdfs/2501.04969.pdf,"all:""Joint Embedding Predictive Architecture""; all:""Joint-Embedding Predictive Architecture"""
2501.03005,2025-01-06T13:30:16Z,PiLaMIM: Toward Richer Visual Representations by Integrating Pixel and Latent Masked Image Modeling,Junmyeong Lee; Eui Jun Hwang; Sukmin Cho; Jong C. Park,cs.CV,False,https://huggingface.co/papers/2501.03005,https://arxiv.org/abs/2501.03005,https://arxiv.org/pdf/2501.03005v1,/root/workspace/jepa/pdfs/2501.03005.pdf,"all:""I-JEPA"""
2412.14123,2024-12-18T18:11:53Z,"AnySat: One Earth Observation Model for Many Resolutions, Scales, and Modalities",Guillaume Astruc; Nicolas Gonthier; Clement Mallet; Loic Landrieu,cs.CV,True,https://huggingface.co/papers/2412.14123,https://arxiv.org/abs/2412.14123,https://arxiv.org/pdf/2412.14123v3,/root/workspace/jepa/pdfs/2412.14123.pdf,"all:""Joint Embedding Predictive Architecture""; all:""Joint-Embedding Predictive Architecture"""
2412.10925,2024-12-14T18:33:29Z,Video Representation Learning with Joint-Embedding Predictive Architectures,Katrina Drozdov; Ravid Shwartz-Ziv; Yann LeCun,cs.CV; cs.AI,True,https://huggingface.co/papers/2412.10925,https://arxiv.org/abs/2412.10925,https://arxiv.org/pdf/2412.10925v1,/root/workspace/jepa/pdfs/2412.10925.pdf,"all:""Joint Embedding Predictive Architecture""; all:""Joint-Embedding Predictive Architecture"""
2412.05333,2024-12-05T19:00:14Z,Learning Symmetry-Independent Jet Representations via Jet-Based Joint Embedding Predictive Architecture,Subash Katel; Haoyang Li; Zihan Zhao; Raghav Kansal; Farouk Mokhtar; Javier Duarte,hep-ph; cs.LG; hep-ex; physics.data-an,True,https://huggingface.co/papers/2412.05333,https://arxiv.org/abs/2412.05333,https://arxiv.org/pdf/2412.05333v1,/root/workspace/jepa/pdfs/2412.05333.pdf,"all:""Joint Embedding Predictive Architecture""; all:""Joint-Embedding Predictive Architecture"""
2411.19806,2024-11-29T16:11:47Z,Zero-shot Musical Stem Retrieval with Joint-Embedding Predictive Architectures,Alain Riou; Antonin Gagneré; Gaëtan Hadjeres; Stefan Lattner; Geoffroy Peeters,cs.SD; cs.AI; eess.AS,False,https://huggingface.co/papers/2411.19806,https://arxiv.org/abs/2411.19806,https://arxiv.org/pdf/2411.19806v2,/root/workspace/jepa/pdfs/2411.19806.pdf,"all:""Joint Embedding Predictive Architecture""; all:""Joint-Embedding Predictive Architecture"""
2411.14808,2024-11-22T09:08:58Z,High-Resolution Image Synthesis via Next-Token Prediction,Dengsheng Chen; Jie Hu; Tiezhu Yue; Xiaoming Wei; Enhua Wu,cs.CV; cs.AI; cs.LG,True,https://huggingface.co/papers/2411.14808,https://arxiv.org/abs/2411.14808,https://arxiv.org/pdf/2411.14808v2,/root/workspace/jepa/pdfs/2411.14808.pdf,"all:""D-JEPA""; all:""Joint Embedding Predictive Architecture""; all:""Joint-Embedding Predictive Architecture"""
2411.16695,2024-11-10T01:40:42Z,Recurrent Joint Embedding Predictive Architecture with Recurrent Forward Propagation Learning,Osvaldo M Velarde; Lucas C Parra,cs.NE; cs.LG,False,https://huggingface.co/papers/2411.16695,https://arxiv.org/abs/2411.16695,https://arxiv.org/pdf/2411.16695v1,/root/workspace/jepa/pdfs/2411.16695.pdf,"all:""Joint Embedding Predictive Architecture""; all:""Joint-Embedding Predictive Architecture"""
2410.19560,2024-10-25T13:48:12Z,Connecting Joint-Embedding Predictive Architecture with Contrastive Self-supervised Learning,Shentong Mo; Shengbang Tong,cs.CV; cs.AI; cs.LG; eess.IV; eess.SP,False,https://huggingface.co/papers/2410.19560,https://arxiv.org/abs/2410.19560,https://arxiv.org/pdf/2410.19560v1,/root/workspace/jepa/pdfs/2410.19560.pdf,"all:""C-JEPA""; all:""I-JEPA"""
2410.03755,2024-10-02T05:57:10Z,Denoising with a Joint-Embedding Predictive Architecture,Dengsheng Chen; Jie Hu; Xiaoming Wei; Enhua Wu,cs.LG; cs.CV,True,https://huggingface.co/papers/2410.03755,https://arxiv.org/abs/2410.03755,https://arxiv.org/pdf/2410.03755v2,/root/workspace/jepa/pdfs/2410.03755.pdf,"all:""D-JEPA"""
2409.05929,2024-09-09T10:40:50Z,M3-JEPA: Multimodal Alignment via Multi-gate MoE based on the Joint-Embedding Predictive Architecture,Hongyang Lei; Xiaolong Cheng; Qi Qin; Dan Wang; Kun Fan; Huazhen Huang; Qingqing Gu; Yetao Wu; Zhonglin Jiang; Yong Chen; Luo Ji,cs.LG; cs.AI,True,https://huggingface.co/papers/2409.05929,https://arxiv.org/abs/2409.05929,https://arxiv.org/pdf/2409.05929v6,/root/workspace/jepa/pdfs/2409.05929.pdf,"all:""M3-JEPA"""
2408.11318,2024-08-21T03:56:27Z,TWLV-I: Analysis and Insights from Holistic Evaluation on Video Foundation Models,Hyeongmin Lee; Jin-Young Kim; Kyungjune Baek; Jihwan Kim; Hyojun Go; Seongsu Ha; Seokjin Han; Jiho Jang; Raehyuk Jung; Daewoo Kim; GeunOh Kim; JongMok Kim; Jongseok Kim; Junwan Kim; Soonwoo Kwon; Jangwon Lee; Seungjoon Park; Minjoon Seo; Jay Suh; Jaehyuk Yi; Aiden Lee,cs.CV,True,https://huggingface.co/papers/2408.11318,https://arxiv.org/abs/2408.11318,https://arxiv.org/pdf/2408.11318v2,/root/workspace/jepa/pdfs/2408.11318.pdf,"all:""V-JEPA"""
2408.07514,2024-08-14T12:48:37Z,CNN-JEPA: Self-Supervised Pretraining Convolutional Neural Networks Using Joint Embedding Predictive Architecture,András Kalapos; Bálint Gyires-Tóth,cs.CV,True,https://huggingface.co/papers/2408.07514,https://arxiv.org/abs/2408.07514,https://arxiv.org/pdf/2408.07514v2,/root/workspace/jepa/pdfs/2408.07514.pdf,"all:""I-JEPA"""
2406.09294,2024-06-13T16:30:03Z,You Don't Need Domain-Specific Data Augmentations When Scaling Self-Supervised Learning,Théo Moutakanni; Maxime Oquab; Marc Szafraniec; Maria Vakalopoulou; Piotr Bojanowski,cs.LG; cs.CV,True,https://huggingface.co/papers/2406.09294,https://arxiv.org/abs/2406.09294,https://arxiv.org/pdf/2406.09294v2,/root/workspace/jepa/pdfs/2406.09294.pdf,"all:""I-JEPA"""
2407.10311,2024-05-06T18:18:13Z,Sora and V-JEPA Have Not Learned The Complete Real World Model -- A Philosophical Analysis of Video AIs Through the Theory of Productive Imagination,Jianqiu Zhang,cs.AI; cs.CL; cs.CV,False,https://huggingface.co/papers/2407.10311,https://arxiv.org/abs/2407.10311,https://arxiv.org/pdf/2407.10311v1,/root/workspace/jepa/pdfs/2407.10311.pdf,"all:""V-JEPA"""
2404.08471,2024-02-15T18:59:11Z,Revisiting Feature Prediction for Learning Visual Representations from Video,Adrien Bardes; Quentin Garrido; Jean Ponce; Xinlei Chen; Michael Rabbat; Yann LeCun; Mahmoud Assran; Nicolas Ballas,cs.CV; cs.AI; cs.LG,True,https://huggingface.co/papers/2404.08471,https://arxiv.org/abs/2404.08471,https://arxiv.org/pdf/2404.08471v1,/root/workspace/jepa/pdfs/2404.08471.pdf,"all:""V-JEPA"""
2311.15830,2023-11-27T13:53:53Z,A-JEPA: Joint-Embedding Predictive Architecture Can Listen,Zhengcong Fei; Mingyuan Fan; Junshi Huang,cs.SD; cs.CV; eess.AS,True,https://huggingface.co/papers/2311.15830,https://arxiv.org/abs/2311.15830,https://arxiv.org/pdf/2311.15830v3,/root/workspace/jepa/pdfs/2311.15830.pdf,"all:""I-JEPA"""
2307.12698,2023-07-24T11:27:14Z,MC-JEPA: A Joint-Embedding Predictive Architecture for Self-Supervised Learning of Motion and Content Features,Adrien Bardes; Jean Ponce; Yann LeCun,cs.CV; cs.AI; cs.LG,True,https://huggingface.co/papers/2307.12698,https://arxiv.org/abs/2307.12698,https://arxiv.org/pdf/2307.12698v1,/root/workspace/jepa/pdfs/2307.12698.pdf,"all:""MC-JEPA"""
2301.08243,2023-01-19T18:59:01Z,Self-Supervised Learning from Images with a Joint-Embedding Predictive Architecture,Mahmoud Assran; Quentin Duval; Ishan Misra; Piotr Bojanowski; Pascal Vincent; Michael Rabbat; Yann LeCun; Nicolas Ballas,cs.CV; cs.AI; cs.LG; eess.IV,True,https://huggingface.co/papers/2301.08243,https://arxiv.org/abs/2301.08243,https://arxiv.org/pdf/2301.08243v3,/root/workspace/jepa/pdfs/2301.08243.pdf,"all:""I-JEPA"""
