paper_id,published,year,month,corpus_group,primary_theme,secondary_tags,title,authors,hf_papers_available,arxiv_url,local_pdf
2301.08243,2023-01-19T18:59:01Z,2023,2023-01,core,vision_perception_ssl,language;generative_bridge,Self-Supervised Learning from Images with a Joint-Embedding Predictive Architecture,Mahmoud Assran; Quentin Duval; Ishan Misra; Piotr Bojanowski; Pascal Vincent; Michael Rabbat; Yann LeCun; Nicolas Ballas,True,https://arxiv.org/abs/2301.08243,/root/workspace/jepa/pdfs/2301.08243.pdf
2307.12698,2023-07-24T11:27:14Z,2023,2023-07,core,video_temporal,video;benchmarking,MC-JEPA: A Joint-Embedding Predictive Architecture for Self-Supervised Learning of Motion and Content Features,Adrien Bardes; Jean Ponce; Yann LeCun,True,https://arxiv.org/abs/2307.12698,/root/workspace/jepa/pdfs/2307.12698.pdf
2311.15830,2023-11-27T13:53:53Z,2023,2023-11,core,audio_speech,audio;language,A-JEPA: Joint-Embedding Predictive Architecture Can Listen,Zhengcong Fei; Mingyuan Fan; Junshi Huang,True,https://arxiv.org/abs/2311.15830,/root/workspace/jepa/pdfs/2311.15830.pdf
2404.08471,2024-02-15T18:59:11Z,2024,2024-02,adjacent,benchmarks_surveys_critiques,video;language;benchmarking,Revisiting Feature Prediction for Learning Visual Representations from Video,Adrien Bardes; Quentin Garrido; Jean Ponce; Xinlei Chen; Michael Rabbat; Yann LeCun; Mahmoud Assran; Nicolas Ballas,True,https://arxiv.org/abs/2404.08471,/root/workspace/jepa/pdfs/2404.08471.pdf
2407.10311,2024-05-06T18:18:13Z,2024,2024-05,core,benchmarks_surveys_critiques,theory;video;language;world_model;benchmarking,Sora and V-JEPA Have Not Learned The Complete Real World Model -- A Philosophical Analysis of Video AIs Through the Theory of Productive Imagination,Jianqiu Zhang,False,https://arxiv.org/abs/2407.10311,/root/workspace/jepa/pdfs/2407.10311.pdf
2406.09294,2024-06-13T16:30:03Z,2024,2024-06,adjacent,vision_perception_ssl,generative_bridge,You Don't Need Domain-Specific Data Augmentations When Scaling Self-Supervised Learning,Théo Moutakanni; Maxime Oquab; Marc Szafraniec; Maria Vakalopoulou; Piotr Bojanowski,True,https://arxiv.org/abs/2406.09294,/root/workspace/jepa/pdfs/2406.09294.pdf
2408.07514,2024-08-14T12:48:37Z,2024,2024-08,core,vision_perception_ssl,benchmarking,CNN-JEPA: Self-Supervised Pretraining Convolutional Neural Networks Using Joint Embedding Predictive Architecture,András Kalapos; Bálint Gyires-Tóth,True,https://arxiv.org/abs/2408.07514,/root/workspace/jepa/pdfs/2408.07514.pdf
2408.11318,2024-08-21T03:56:27Z,2024,2024-08,adjacent,benchmarks_surveys_critiques,video;language;benchmarking,TWLV-I: Analysis and Insights from Holistic Evaluation on Video Foundation Models,Hyeongmin Lee; Jin-Young Kim; Kyungjune Baek; Jihwan Kim; Hyojun Go; Seongsu Ha; Seokjin Han; Jiho Jang; Raehyuk Jung; Daewoo Kim; GeunOh Kim; JongMok Kim; Jongseok Kim; Junwan Kim; Soonwoo Kwon; Jangwon Lee; Seungjoon Park; Minjoon Seo; Jay Suh; Jaehyuk Yi; Aiden Lee,True,https://arxiv.org/abs/2408.11318,/root/workspace/jepa/pdfs/2408.11318.pdf
2409.05929,2024-09-09T10:40:50Z,2024,2024-09,core,multimodal_vlm_vla,language;multimodal;world_model,M3-JEPA: Multimodal Alignment via Multi-gate MoE based on the Joint-Embedding Predictive Architecture,Hongyang Lei; Xiaolong Cheng; Qi Qin; Dan Wang; Kun Fan; Huazhen Huang; Qingqing Gu; Yetao Wu; Zhonglin Jiang; Yong Chen; Luo Ji,True,https://arxiv.org/abs/2409.05929,/root/workspace/jepa/pdfs/2409.05929.pdf
2410.03755,2024-10-02T05:57:10Z,2024,2024-10,core,vision_perception_ssl,video;audio;language;generative_bridge;benchmarking,Denoising with a Joint-Embedding Predictive Architecture,Dengsheng Chen; Jie Hu; Xiaoming Wei; Enhua Wu,True,https://arxiv.org/abs/2410.03755,/root/workspace/jepa/pdfs/2410.03755.pdf
2410.19560,2024-10-25T13:48:12Z,2024,2024-10,core,foundations_theory_objective,theory,Connecting Joint-Embedding Predictive Architecture with Contrastive Self-supervised Learning,Shentong Mo; Shengbang Tong,False,https://arxiv.org/abs/2410.19560,/root/workspace/jepa/pdfs/2410.19560.pdf
2411.16695,2024-11-10T01:40:42Z,2024,2024-11,core,vision_perception_ssl,theory;benchmarking,Recurrent Joint Embedding Predictive Architecture with Recurrent Forward Propagation Learning,Osvaldo M Velarde; Lucas C Parra,False,https://arxiv.org/abs/2411.16695,/root/workspace/jepa/pdfs/2411.16695.pdf
2411.14808,2024-11-22T09:08:58Z,2024,2024-11,adjacent,language_reasoning,language;multimodal;generative_bridge;benchmarking,High-Resolution Image Synthesis via Next-Token Prediction,Dengsheng Chen; Jie Hu; Tiezhu Yue; Xiaoming Wei; Enhua Wu,True,https://arxiv.org/abs/2411.14808,/root/workspace/jepa/pdfs/2411.14808.pdf
2411.19806,2024-11-29T16:11:47Z,2024,2024-11,core,vision_perception_ssl,video;language,Zero-shot Musical Stem Retrieval with Joint-Embedding Predictive Architectures,Alain Riou; Antonin Gagneré; Gaëtan Hadjeres; Stefan Lattner; Geoffroy Peeters,False,https://arxiv.org/abs/2411.19806,/root/workspace/jepa/pdfs/2411.19806.pdf
2412.05333,2024-12-05T19:00:14Z,2024,2024-12,core,scientific_industrial_domains,language;remote_or_science;benchmarking,Learning Symmetry-Independent Jet Representations via Jet-Based Joint Embedding Predictive Architecture,Subash Katel; Haoyang Li; Zihan Zhao; Raghav Kansal; Farouk Mokhtar; Javier Duarte,True,https://arxiv.org/abs/2412.05333,/root/workspace/jepa/pdfs/2412.05333.pdf
2412.10925,2024-12-14T18:33:29Z,2024,2024-12,core,video_temporal,video;world_model;generative_bridge,Video Representation Learning with Joint-Embedding Predictive Architectures,Katrina Drozdov; Ravid Shwartz-Ziv; Yann LeCun,True,https://arxiv.org/abs/2412.10925,/root/workspace/jepa/pdfs/2412.10925.pdf
2412.14123,2024-12-18T18:11:53Z,2024,2024-12,adjacent,scientific_industrial_domains,multimodal;remote_or_science,"AnySat: One Earth Observation Model for Many Resolutions, Scales, and Modalities",Guillaume Astruc; Nicolas Gonthier; Clement Mallet; Loic Landrieu,True,https://arxiv.org/abs/2412.14123,/root/workspace/jepa/pdfs/2412.14123.pdf
2501.03005,2025-01-06T13:30:16Z,2025,2025-01,adjacent,vision_perception_ssl,language,PiLaMIM: Toward Richer Visual Representations by Integrating Pixel and Latent Masked Image Modeling,Junmyeong Lee; Eui Jun Hwang; Sukmin Cho; Jong C. Park,False,https://arxiv.org/abs/2501.03005,/root/workspace/jepa/pdfs/2501.03005.pdf
2501.04969,2025-01-09T04:47:51Z,2025,2025-01,core,vision_perception_ssl,generative_bridge;benchmarking,Self-Supervised Representation Learning with Joint Embedding Predictive Architecture for Automotive LiDAR Object Detection,Haoran Zhu; Zhenyuan Dong; Kristi Topollai; Beiyao Sha; Anna Choromanska,True,https://arxiv.org/abs/2501.04969,/root/workspace/jepa/pdfs/2501.04969.pdf
2501.14622,2025-01-24T16:41:41Z,2025,2025-01,core,world_models_planning_control,world_model,ACT-JEPA: Novel Joint-Embedding Predictive Architecture for Efficient Policy Representation Learning,Aleksandar Vujinovic; Aleksandar Kovacevic,True,https://arxiv.org/abs/2501.14622,/root/workspace/jepa/pdfs/2501.14622.pdf
2502.01684,2025-02-02T07:42:45Z,2025,2025-02,adjacent,vision_perception_ssl,theory;language;benchmarking,"Predict, Cluster, Refine: A Joint Embedding Predictive Self-Supervised Framework for Graph Representation Learning",Srinitish Srinivasan; Omkumar CU,False,https://arxiv.org/abs/2502.01684,/root/workspace/jepa/pdfs/2502.01684.pdf
2502.03933,2025-02-06T10:16:27Z,2025,2025-02,core,scientific_industrial_domains,language;remote_or_science;benchmarking,HEP-JEPA: A foundation model for collider physics using joint embedding predictive architecture,Jai Bardhan; Radhikesh Agrawal; Abhiram Tilak; Cyrin Neeraj; Subhadip Mitra,True,https://arxiv.org/abs/2502.03933,/root/workspace/jepa/pdfs/2502.03933.pdf
2502.14819,2025-02-20T18:39:41Z,2025,2025-02,adjacent,world_models_planning_control,world_model,Learning from Reward-Free Offline Data: A Case for Planning with Latent Dynamics Models,Vlad Sobal; Wancong Zhang; Kyunghyun Cho; Randall Balestriero; Tim G. J. Rudner; Yann LeCun,True,https://arxiv.org/abs/2502.14819,/root/workspace/jepa/pdfs/2502.14819.pdf
2502.18056,2025-02-25T10:21:49Z,2025,2025-02,adjacent,vision_perception_ssl,language;world_model;medical;generative_bridge,Escaping The Big Data Paradigm in Self-Supervised Representation Learning,Carlos Vélez García; Miguel Cazorla; Jorge Pomares,False,https://arxiv.org/abs/2502.18056,/root/workspace/jepa/pdfs/2502.18056.pdf
2503.05774,2025-02-25T22:03:28Z,2025,2025-02,adjacent,multimodal_vlm_vla,language;multimodal;remote_or_science,GeoJEPA: Towards Eliminating Augmentation- and Sampling Bias in Multimodal Geospatial Learning,Theodor Lundqvist; Ludvig Delvret,False,https://arxiv.org/abs/2503.05774,/root/workspace/jepa/pdfs/2503.05774.pdf
2503.01411,2025-03-03T11:05:44Z,2025,2025-03,adjacent,world_models_planning_control,world_model,Learning Actionable World Models for Industrial Process Control,Peng Yan; Ahmed Abdulkadir; Gerrit A. Schatte; Giulia Aguzzi; Joonsu Gha; Nikola Pascher; Matthias Rosenthal; Yunlong Gao; Benjamin F. Grewe; Thilo Stadelmann,False,https://arxiv.org/abs/2503.01411,/root/workspace/jepa/pdfs/2503.01411.pdf
2503.06380,2025-03-09T01:34:28Z,2025,2025-03,core,language_reasoning,theory;language;multimodal;world_model;benchmarking,TI-JEPA: An Innovative Energy-based Joint Embedding Strategy for Text-Image Multimodal Systems,Khang H. N. Vo; Duc P. T. Nguyen; Thong Nguyen; Tho T. Quan,True,https://arxiv.org/abs/2503.06380,/root/workspace/jepa/pdfs/2503.06380.pdf
2504.01928,2025-04-02T17:38:03Z,2025,2025-04,adjacent,vision_perception_ssl,,Is the Reversal Curse a Binding Problem? Uncovering Limitations of Transformers from a Basic Generalization Failure,Boshi Wang; Huan Sun,True,https://arxiv.org/abs/2504.01928,/root/workspace/jepa/pdfs/2504.01928.pdf
2504.03169,2025-04-04T04:59:10Z,2025,2025-04,core,scientific_industrial_domains,language;remote_or_science;generative_bridge;benchmarking,REJEPA: A Novel Joint-Embedding Predictive Architecture for Efficient Remote Sensing Image Retrieval,Shabnam Choudhury; Yash Salunkhe; Sarthak Mehrotra; Biplab Banerjee,False,https://arxiv.org/abs/2504.03169,/root/workspace/jepa/pdfs/2504.03169.pdf
2504.10512,2025-04-10T01:31:11Z,2025,2025-04,core,vision_perception_ssl,language;world_model,JEPA4Rec: Learning Effective Language Representations for Sequential Recommendation via Joint Embedding Predictive Architecture,Minh-Anh Nguyen; Dung D. Le,False,https://arxiv.org/abs/2504.10512,/root/workspace/jepa/pdfs/2504.10512.pdf
2504.12721,2025-04-17T07:54:26Z,2025,2025-04,adjacent,vision_perception_ssl,video;benchmarking,TimeCapsule: Solving the Jigsaw Puzzle of Long-Term Time Series Forecasting with Compressed Predictive Representations,Yihang Lu; Yangyang Xu; Qitao Qing; Xianwei Meng,False,https://arxiv.org/abs/2504.12721,/root/workspace/jepa/pdfs/2504.12721.pdf
2504.16140,2025-04-22T02:43:00Z,2025,2025-04,core,foundations_theory_objective,theory,SparseJEPA: Sparse Representation Learning of Joint Embedding Predictive Architectures,Max Hartman; Lav Varshney,True,https://arxiv.org/abs/2504.16140,/root/workspace/jepa/pdfs/2504.16140.pdf
2504.16591,2025-04-23T10:16:12Z,2025,2025-04,core,world_models_planning_control,video;world_model,JEPA for RL: Investigating Joint-Embedding Predictive Architectures for Reinforcement Learning,Tristan Kenneweg; Philip Kenneweg; Barbara Hammer,False,https://arxiv.org/abs/2504.16591,/root/workspace/jepa/pdfs/2504.16591.pdf
2505.03176,2025-05-06T04:39:11Z,2025,2025-05,core,world_models_planning_control,world_model,seq-JEPA: Autoregressive Predictive Learning of Invariant-Equivariant World Models,Hafez Ghaemi; Eilif Muller; Shahab Bakhtiari,True,https://arxiv.org/abs/2505.03176,/root/workspace/jepa/pdfs/2505.03176.pdf
2505.14543,2025-05-20T15:58:54Z,2025,2025-05,adjacent,vision_perception_ssl,audio;language;benchmarking,Time to Embed: Unlocking Foundation Models for Time Series with Channel Descriptions,Utsav Dutta; Sina Khoshfetrat Pakazad; Henrik Ohlsson,False,https://arxiv.org/abs/2505.14543,/root/workspace/jepa/pdfs/2505.14543.pdf
2506.14782,2025-05-25T03:34:33Z,2025,2025-05,adjacent,medical_bio_health,theory;video;language;medical;generative_bridge,Integrating Dynamical Systems Learning with Foundational Models: A Meta-Evolutionary AI Framework for Clinical Trials,Joseph Geraci; Bessi Qorri; Christian Cumbaa; Mike Tsay; Paul Leonczyk; Luca Pani,False,https://arxiv.org/abs/2506.14782,/root/workspace/jepa/pdfs/2506.14782.pdf
2506.09985,2025-06-11T17:57:09Z,2025,2025-06,core,world_models_planning_control,video;language;world_model,"V-JEPA 2: Self-Supervised Video Models Enable Understanding, Prediction and Planning",Mido Assran; Adrien Bardes; David Fan; Quentin Garrido; Russell Howes; Mojtaba; Komeili; Matthew Muckley; Ammar Rizvi; Claire Roberts; Koustuv Sinha; Artem Zholus; Sergio Arnaud; Abha Gejji; Ada Martin; Francois Robert Hogan; Daniel Dugas; Piotr Bojanowski; Vasil Khalidov; Patrick Labatut; Francisco Massa; Marc Szafraniec; Kapil Krishnakumar; Yong Li; Xiaodong Ma; Sarath Chandar; Franziska Meier; Yann LeCun; Michael Rabbat; Nicolas Ballas,True,https://arxiv.org/abs/2506.09985,/root/workspace/jepa/pdfs/2506.09985.pdf
2507.00028,2025-06-17T11:46:03Z,2025,2025-06,core,vision_perception_ssl,world_model,HiT-JEPA: A Hierarchical Self-supervised Trajectory Embedding Framework for Similarity Computation,Lihuan Li; Hao Xue; Shuang Ao; Yang Song; Flora Salim,False,https://arxiv.org/abs/2507.00028,/root/workspace/jepa/pdfs/2507.00028.pdf
2506.16216,2025-06-19T11:08:20Z,2025,2025-06,adjacent,scientific_industrial_domains,multimodal;world_model;remote_or_science,From Pixels to CSI: Distilling Latent Dynamics For Efficient Wireless Resource Management,Charbel Bou Chaaya; Abanoub M. Girgis; Mehdi Bennis,False,https://arxiv.org/abs/2506.16216,/root/workspace/jepa/pdfs/2506.16216.pdf
2506.18194,2025-06-22T22:51:53Z,2025,2025-06,core,scientific_industrial_domains,world_model;remote_or_science,Joint Embedding Predictive Architecture for self-supervised pretraining on polymer molecular graphs,Francesco Piccoli; Gabriel Vogel; Jana M. Weber,False,https://arxiv.org/abs/2506.18194,/root/workspace/jepa/pdfs/2506.18194.pdf
2506.18220,2025-06-23T00:57:43Z,2025,2025-06,adjacent,vision_perception_ssl,world_model;medical,Cross-Architecture Knowledge Distillation (KD) for Retinal Fundus Image Anomaly Detection on NVIDIA Jetson Nano,Berk Yilmaz; Aniruddh Aiyengar,False,https://arxiv.org/abs/2506.18220,/root/workspace/jepa/pdfs/2506.18220.pdf
2507.02915,2025-06-25T08:38:27Z,2025,2025-06,core,audio_speech,audio,Audio-JEPA: Joint-Embedding Predictive Architecture for Audio Representation Learning,Ludovic Tuncay; Etienne Labbé; Emmanouil Benetos; Thomas Pellegrini,True,https://arxiv.org/abs/2507.02915,/root/workspace/jepa/pdfs/2507.02915.pdf
2506.20795,2025-06-25T19:36:45Z,2025,2025-06,adjacent,benchmarks_surveys_critiques,video;language;multimodal;world_model;benchmarking,How do Foundation Models Compare to Skeleton-Based Approaches for Gesture Recognition in Human-Robot Interaction?,Stephanie Käs; Anton Burenko; Louis Markert; Onur Alp Culha; Dennis Mack; Timm Linder; Bastian Leibe,False,https://arxiv.org/abs/2506.20795,/root/workspace/jepa/pdfs/2506.20795.pdf
2507.01080,2025-07-01T16:37:55Z,2025,2025-07,core,benchmarks_surveys_critiques,language,"Development and Comparative Evaluation of Three Artificial Intelligence Models (NLP, LLM, JEPA) for Predicting Triage in Emergency Departments: A 7-Month Retrospective Proof-of-Concept",Edouard Lansiaux; Ramy Azzouz; Emmanuel Chazard; Amélie Vromant; Eric Wiel,False,https://arxiv.org/abs/2507.01080,/root/workspace/jepa/pdfs/2507.01080.pdf
2507.03633,2025-07-04T15:01:34Z,2025,2025-07,core,benchmarks_surveys_critiques,video;world_model;medical;benchmarking,From Video to EEG: Adapting Joint Embedding Predictive Architecture to Uncover Saptiotemporal Dynamics in Brain Signal Analysis,Amirabbas Hojjati; Lu Li; Ibrahim Hameed; Anis Yazidi; Pedro G. Lind; Rabindra Khadka,True,https://arxiv.org/abs/2507.03633,/root/workspace/jepa/pdfs/2507.03633.pdf
2507.15216,2025-07-21T03:36:58Z,2025,2025-07,core,vision_perception_ssl,language;generative_bridge,Improving Joint Embedding Predictive Architecture with Diffusion Noise,Yuping Qiu; Rui Zhu; Ying-cong Chen,True,https://arxiv.org/abs/2507.15216,/root/workspace/jepa/pdfs/2507.15216.pdf
2507.17958,2025-07-23T22:02:56Z,2025,2025-07,adjacent,medical_bio_health,video;audio;language;world_model;medical,VIBE: Video-Input Brain Encoder for fMRI Response Modeling,Daniel Carlström Schad; Shrey Dixit; Janis Keck; Viktor Studenyak; Aleksandr Shpilevoi; Andrej Bicanski,True,https://arxiv.org/abs/2507.17958,/root/workspace/jepa/pdfs/2507.17958.pdf
2507.18424,2025-07-24T14:01:02Z,2025,2025-07,adjacent,medical_bio_health,video;medical,Self-Supervised Ultrasound-Video Segmentation with Feature Prediction and 3D Localised Loss,Edward Ellis; Robert Mendel; Andrew Bulpitt; Nasim Parsa; Michael F Byrne; Sharib Ali,False,https://arxiv.org/abs/2507.18424,/root/workspace/jepa/pdfs/2507.18424.pdf
2507.19956,2025-07-26T13:57:08Z,2025,2025-07,adjacent,multimodal_vlm_vla,video;audio;language;multimodal;world_model;medical,Predicting Brain Responses To Natural Movies With Multimodal LLMs,Cesar Kadir Torrico Villanueva; Jiaxin Cindy Tu; Mihir Tripathy; Connor Lane; Rishab Iyer; Paul S. Scotti,False,https://arxiv.org/abs/2507.19956,/root/workspace/jepa/pdfs/2507.19956.pdf
2507.20491,2025-07-28T03:00:35Z,2025,2025-07,adjacent,vision_perception_ssl,theory;language;world_model;medical;benchmarking,"Speaking in Words, Thinking in Logic: A Dual-Process Framework in QA Systems",Tuan Bui; Trong Le; Phat Thai; Sang Nguyen; Minh Hua; Ngan Pham; Thang Bui; Tho Quan,True,https://arxiv.org/abs/2507.20491,/root/workspace/jepa/pdfs/2507.20491.pdf
2508.02829,2025-08-04T18:52:17Z,2025,2025-08,adjacent,foundations_theory_objective,language,Elucidating the Role of Feature Normalization in IJEPA,Adam Colton,False,https://arxiv.org/abs/2508.02829,/root/workspace/jepa/pdfs/2508.02829.pdf
2508.10489,2025-08-14T09:46:11Z,2025,2025-08,core,vision_perception_ssl,world_model;generative_bridge,Learning State-Space Models of Dynamic Systems from Arbitrary Data using Joint Embedding Predictive Architectures,Jonas Ulmen; Ganesh Sundaram; Daniel Görges,False,https://arxiv.org/abs/2508.10489,/root/workspace/jepa/pdfs/2508.10489.pdf
2509.06831,2025-09-08T16:04:19Z,2025,2025-09,adjacent,benchmarks_surveys_critiques,video;multimodal;medical;benchmarking,Leveraging Generic Foundation Models for Multimodal Surgical Data Analysis,Simon Pezold; Jérôme A. Kurylec; Jan S. Liechti; Beat P. Müller; Joël L. Lavanchy,True,https://arxiv.org/abs/2509.06831,/root/workspace/jepa/pdfs/2509.06831.pdf
2509.14252,2025-09-11T03:03:57Z,2025,2025-09,core,language_reasoning,language;generative_bridge,LLM-JEPA: Large Language Models Meet Joint Embedding Predictive Architectures,Hai Huang; Yann LeCun; Randall Balestriero,True,https://arxiv.org/abs/2509.14252,/root/workspace/jepa/pdfs/2509.14252.pdf
2509.12249,2025-09-12T05:28:29Z,2025,2025-09,core,foundations_theory_objective,theory;world_model;medical,Why and How Auxiliary Tasks Improve JEPA Representations,Jiacan Yu; Siyi Chen; Mingrui Liu; Nono Horiuchi; Vladimir Braverman; Zicheng Xu; Dan Haramati; Randall Balestriero,False,https://arxiv.org/abs/2509.12249,/root/workspace/jepa/pdfs/2509.12249.pdf
2509.12193,2025-09-15T17:54:20Z,2025,2025-09,adjacent,vision_perception_ssl,video,Domain-Adaptive Pretraining Improves Primate Behavior Recognition,Felix B. Mueller; Timo Lueddecke; Richard Vogg; Alexander S. Ecker,True,https://arxiv.org/abs/2509.12193,/root/workspace/jepa/pdfs/2509.12193.pdf
2509.15470,2025-09-18T22:35:44Z,2025,2025-09,core,multimodal_vlm_vla,language;multimodal;medical,Self-supervised learning of imaging and clinical signatures using a multimodal joint-embedding predictive architecture,Thomas Z. Li; Aravind R. Krishnan; Lianrui Zuo; John M. Still; Kim L. Sandler; Fabien Maldonado; Thomas A. Lasko; Bennett A. Landman,False,https://arxiv.org/abs/2509.15470,/root/workspace/jepa/pdfs/2509.15470.pdf
2509.21595,2025-09-25T21:05:07Z,2025,2025-09,adjacent,benchmarks_surveys_critiques,video;world_model;benchmarking,Temporal vs. Spatial: Comparing DINOv3 and V-JEPA2 Feature Representations for Video Action Analysis,Sai Varun Kodathala; Rakesh Vunnam,False,https://arxiv.org/abs/2509.21595,/root/workspace/jepa/pdfs/2509.21595.pdf
2509.23238,2025-09-27T10:38:14Z,2025,2025-09,adjacent,audio_speech,audio;language;world_model;benchmarking,WavJEPA: Semantic learning unlocks robust audio foundation models for raw waveforms,Goksenin Yuksel; Pierre Guetschel; Michael Tangermann; Marcel van Gerven; Kiki van der Heijden,True,https://arxiv.org/abs/2509.23238,/root/workspace/jepa/pdfs/2509.23238.pdf
2509.24317,2025-09-29T05:55:17Z,2025,2025-09,core,foundations_theory_objective,video;benchmarking,Rethinking JEPA: Compute-Efficient Video SSL with Frozen Teachers,Xianhang Li; Chen Huang; Chun-Liang Li; Eran Malach; Josh Susskind; Vimal Thilak; Etai Littwin,True,https://arxiv.org/abs/2509.24317,/root/workspace/jepa/pdfs/2509.24317.pdf
2509.25449,2025-09-29T19:57:37Z,2025,2025-09,adjacent,video_temporal,video;language,Joint Embeddings Go Temporal,Sofiane Ennadir; Siavash Golkar; Leopoldo Sarra,True,https://arxiv.org/abs/2509.25449,/root/workspace/jepa/pdfs/2509.25449.pdf
2510.00974,2025-10-01T14:51:10Z,2025,2025-10,core,language_reasoning,language;multimodal;generative_bridge,JEPA-T: Joint-Embedding Predictive Architecture with Text Fusion for Image Generation,Siheng Wan; Zhengtao Yao; Zhengdao Li; Junhao Dong; Yanshu Li; Yikai Li; Linshan Li; Haoyan Xu; Yijiang Li; Zhikang Dong; Huacan Wang; Jifeng Shen,True,https://arxiv.org/abs/2510.00974,/root/workspace/jepa/pdfs/2510.00974.pdf
2510.02311,2025-10-02T17:59:50Z,2025,2025-10,adjacent,video_temporal,video;language;world_model;generative_bridge,Inferring Dynamic Physical Properties from Video Foundation Models,Guanqi Zhan; Xianzheng Ma; Weidi Xie; Andrew Zisserman,False,https://arxiv.org/abs/2510.02311,/root/workspace/jepa/pdfs/2510.02311.pdf
2510.03075,2025-10-03T15:02:27Z,2025,2025-10,adjacent,benchmarks_surveys_critiques,video;world_model;generative_bridge;benchmarking,What Drives Compositional Generalization in Visual Generative Models?,Karim Farid; Rajat Sahay; Yumna Ali Alnaggar; Simon Schrodi; Volker Fischer; Cordelia Schmid; Thomas Brox,False,https://arxiv.org/abs/2510.03075,/root/workspace/jepa/pdfs/2510.03075.pdf
2510.03706,2025-10-04T07:11:20Z,2025,2025-10,adjacent,world_models_planning_control,video;world_model,EmbodiSwap for Zero-Shot Robot Imitation Learning,Eadom Dessalene; Pavan Mantripragada; Michael Maynord; Yiannis Aloimonos,False,https://arxiv.org/abs/2510.03706,/root/workspace/jepa/pdfs/2510.03706.pdf
2510.05949,2025-10-07T14:06:30Z,2025,2025-10,adjacent,foundations_theory_objective,theory;multimodal;world_model,Gaussian Embeddings: How JEPAs Secretly Learn Your Data Density,Randall Balestriero; Nicolas Ballas; Mike Rabbat; Yann LeCun,True,https://arxiv.org/abs/2510.05949,/root/workspace/jepa/pdfs/2510.05949.pdf
2510.14876,2025-10-16T16:55:30Z,2025,2025-10,adjacent,video_temporal,video;language;world_model;benchmarking,BADAS: Context Aware Collision Prediction Using Real-World Dashcam Data,Roni Goldshmidt; Hamish Scott; Lorenzo Niccolini; Shizhan Zhu; Daniel Moura; Orly Zvitia,True,https://arxiv.org/abs/2510.14876,/root/workspace/jepa/pdfs/2510.14876.pdf
2510.16240,2025-10-17T22:05:25Z,2025,2025-10,adjacent,medical_bio_health,video;language;multimodal;world_model;medical;benchmarking,Cosmos-Surg-dVRK: World Foundation Model-based Automated Online Evaluation of Surgical Robot Policy Learning,Lukas Zbinden; Nigel Nelson; Juo-Tung Chen; Xinhao Chen; Ji Woong Kim; Mahdi Azizian; Axel Krieger; Sean Huver,False,https://arxiv.org/abs/2510.16240,/root/workspace/jepa/pdfs/2510.16240.pdf
2510.21840,2025-10-22T13:40:38Z,2025,2025-10,adjacent,video_temporal,video;world_model;remote_or_science;generative_bridge;benchmarking,Improving the Physics of Video Generation with VJEPA-2 Reward Signal,Jianhao Yuan; Xiaofeng Zhang; Felix Friedrich; Nicolas Beltran-Velez; Melissa Hall; Reyhane Askari-Hemmat; Xiaochuang Han; Nicolas Ballas; Michal Drozdzal; Adriana Romero-Soriano,False,https://arxiv.org/abs/2510.21840,/root/workspace/jepa/pdfs/2510.21840.pdf
2510.21581,2025-10-24T15:49:54Z,2025,2025-10,adjacent,audio_speech,video;audio;language;world_model;benchmarking,Foley Control: Aligning a Frozen Latent Text-to-Audio Model to Video,Ciara Rowles; Varun Jampani; Simon Donné; Shimon Vainer; Julian Parker; Zach Evans,True,https://arxiv.org/abs/2510.21581,/root/workspace/jepa/pdfs/2510.21581.pdf
2511.05622,2025-11-06T23:12:43Z,2025,2025-11,adjacent,vision_perception_ssl,video;language;world_model;benchmarking,Grounding Foundational Vision Models with 3D Human Poses for Robust Action Recognition,Nicholas Babey; Tiffany Gu; Yiheng Li; Cristian Meo; Kevin Zhu,False,https://arxiv.org/abs/2511.05622,/root/workspace/jepa/pdfs/2511.05622.pdf
2511.08544,2025-11-11T18:21:55Z,2025,2025-11,adjacent,foundations_theory_objective,theory;world_model,LeJEPA: Provable and Scalable Self-Supervised Learning Without the Heuristics,Randall Balestriero; Yann LeCun,True,https://arxiv.org/abs/2511.08544,/root/workspace/jepa/pdfs/2511.08544.pdf
2511.09675,2025-11-12T19:27:40Z,2025,2025-11,adjacent,video_temporal,video;world_model;benchmarking,PriVi: Towards A General-Purpose Video Model For Primate Behavior In The Wild,Felix B. Mueller; Jan F. Meier; Timo Lueddecke; Richard Vogg; Roger L. Freixanet; Valentin Hassler; Tiffany Bosshard; Elif Karakoc; William J. O'Hearn; Sofia M. Pereira; Sandro Sehner; Kaja Wierucka; Judith Burkart; Claudia Fichtel; Julia Fischer; Alexander Gail; Catherine Hobaiter; Julia Ostner; Liran Samuni; Oliver Schülke; Neda Shahidi; Erin G. Wessling; Alexander S. Ecker,True,https://arxiv.org/abs/2511.09675,/root/workspace/jepa/pdfs/2511.09675.pdf
2511.09783,2025-11-12T22:33:56Z,2025,2025-11,core,vision_perception_ssl,theory;world_model,Koopman Invariants as Drivers of Emergent Time-Series Clustering in Joint-Embedding Predictive Architectures,Pablo Ruiz-Morales; Dries Vanoost; Davy Pissoort; Mathias Verbeke,False,https://arxiv.org/abs/2511.09783,/root/workspace/jepa/pdfs/2511.09783.pdf
2511.10894,2025-11-14T02:14:08Z,2025,2025-11,adjacent,vision_perception_ssl,video;language;benchmarking,DINOv3 as a Frozen Encoder for CRPS-Oriented Probabilistic Rainfall Nowcasting,Luciano Araujo Dourado Filho; Almir Moreira da Silva Neto; Anthony Miyaguchi; Rodrigo Pereira David; Rodrigo Tripodi Calumby; Lukáš Picek,False,https://arxiv.org/abs/2511.10894,/root/workspace/jepa/pdfs/2511.10894.pdf
2511.16333,2025-11-20T13:11:45Z,2025,2025-11,adjacent,medical_bio_health,video;language;multimodal;world_model;medical;generative_bridge,"Beyond Generative AI: World Models for Clinical Prediction, Counterfactuals, and Planning",Mohammad Areeb Qazi; Maryam Nadeem; Mohammad Yaqub,False,https://arxiv.org/abs/2511.16333,/root/workspace/jepa/pdfs/2511.16333.pdf
2511.16567,2025-11-20T17:22:51Z,2025,2025-11,adjacent,vision_perception_ssl,world_model,POMA-3D: The Point Map Way to 3D Scene Understanding,Ye Mao; Weixun Luo; Ranran Huang; Junpeng Jing; Krystian Mikolajczyk,False,https://arxiv.org/abs/2511.16567,/root/workspace/jepa/pdfs/2511.16567.pdf
2511.17354,2025-11-21T16:18:50Z,2025,2025-11,core,vision_perception_ssl,language;benchmarking,DSeq-JEPA: Discriminative Sequential Joint-Embedding Predictive Architecture,Xiangteng He; Shunsuke Sakai; Shivam Chandhok; Sara Beery; Kun Yuan; Nicolas Padoy; Tatsuhito Hasegawa; Leonid Sigal,True,https://arxiv.org/abs/2511.17354,/root/workspace/jepa/pdfs/2511.17354.pdf
2511.18424,2025-11-23T12:40:04Z,2025,2025-11,core,multimodal_vlm_vla,theory;multimodal;world_model;benchmarking,CrossJEPA: Cross-Modal Joint-Embedding Predictive Architecture for Efficient 3D Representation Learning from 2D Images,Avishka Perera; Kumal Hewagamage; Saeedha Nazar; Kavishka Abeywardana; Hasitha Gallella; Ranga Rodrigo; Mohamed Afham,False,https://arxiv.org/abs/2511.18424,/root/workspace/jepa/pdfs/2511.18424.pdf
2511.18640,2025-11-23T22:34:50Z,2025,2025-11,adjacent,medical_bio_health,language;medical;generative_bridge,Health system learning achieves generalist neuroimaging models,Akhil Kondepudi; Akshay Rao; Chenhui Zhao; Yiwei Lyu; Samir Harake; Soumyanil Banerjee; Rushikesh Joshi; Anna-Katharina Meissner; Renly Hou; Cheng Jiang; Asadur Chowdury; Ashok Srinivasan; Brian Athey; Vikas Gulani; Aditya Pandey; Honglak Lee; Todd Hollon,True,https://arxiv.org/abs/2511.18640,/root/workspace/jepa/pdfs/2511.18640.pdf
2511.23428,2025-11-28T18:25:54Z,2025,2025-11,adjacent,video_temporal,video;language;world_model;generative_bridge;benchmarking,DisMo: Disentangled Motion Representations for Open-World Motion Transfer,Thomas Ressler-Antal; Frank Fundel; Malek Ben Alaya; Stefan Andreas Baumann; Felix Krause; Ming Gui; Björn Ommer,False,https://arxiv.org/abs/2511.23428,/root/workspace/jepa/pdfs/2511.23428.pdf
2512.06232,2025-12-06T00:49:41Z,2025,2025-12,adjacent,vision_perception_ssl,video;world_model;remote_or_science;benchmarking,Opinion: Learning Intuitive Physics May Require More than Visual Data,Ellen Su; Solim Legris; Todd M. Gureckis; Mengye Ren,False,https://arxiv.org/abs/2512.06232,/root/workspace/jepa/pdfs/2512.06232.pdf
2512.06628,2025-12-07T02:28:06Z,2025,2025-12,adjacent,world_models_planning_control,video;language;multimodal;world_model;remote_or_science;generative_bridge,MIND-V: Hierarchical World Model for Long-Horizon Robotic Manipulation with RL-based Physical Alignment,Ruicheng Zhang; Mingyang Zhang; Jun Zhou; Zhangrui Guo; Zunnan Xu; Xiaofan Liu; Zhizhou Zhong; Puxin Yan; Haocheng Luo; Xiu Li,True,https://arxiv.org/abs/2512.06628,/root/workspace/jepa/pdfs/2512.06628.pdf
2512.07168,2025-12-08T05:01:51Z,2025,2025-12,core,foundations_theory_objective,theory;video;audio;language;generative_bridge,JEPA as a Neural Tokenizer: Learning Robust Speech Representations with Density Adaptive Attention,Georgios Ioannides; Christos Constantinou; Aman Chadha; Aaron Elkins; Linsey Pang; Ravid Shwartz-Ziv; Yann LeCun,True,https://arxiv.org/abs/2512.07168,/root/workspace/jepa/pdfs/2512.07168.pdf
2512.10942,2025-12-11T18:59:22Z,2025,2025-12,core,multimodal_vlm_vla,video;language;multimodal;world_model;generative_bridge;benchmarking,VL-JEPA: Joint Embedding Predictive Architecture for Vision-language,Delong Chen; Mustafa Shukor; Theo Moutakanni; Willy Chung; Jade Yu; Tejaswi Kasarla; Yejin Bang; Allen Bolourchi; Yann LeCun; Pascale Fung,True,https://arxiv.org/abs/2512.10942,/root/workspace/jepa/pdfs/2512.10942.pdf
2512.13684,2025-12-15T18:59:48Z,2025,2025-12,adjacent,video_temporal,video,Recurrent Video Masked Autoencoders,Daniel Zoran; Nikhil Parthasarathy; Yi Yang; Drew A Hudson; Joao Carreira; Andrew Zisserman,True,https://arxiv.org/abs/2512.13684,/root/workspace/jepa/pdfs/2512.13684.pdf
2512.15885,2025-12-17T19:01:34Z,2025,2025-12,adjacent,multimodal_vlm_vla,language;multimodal;world_model;benchmarking,Seeing Beyond Words: Self-Supervised Visual Learning for Multimodal Large Language Models,Davide Caffagni; Sara Sarto; Marcella Cornia; Lorenzo Baraldi; Pier Luigi Dovesi; Shaghayegh Roohi; Mark Granroth-Wilding; Rita Cucchiara,True,https://arxiv.org/abs/2512.15885,/root/workspace/jepa/pdfs/2512.15885.pdf
2512.19171,2025-12-22T09:05:06Z,2025,2025-12,core,language_reasoning,language;world_model;generative_bridge,JEPA-Reasoner: Decoupling Latent Reasoning from Token Generation,Bingyang Kelvin Liu; Ziyu Patrick Chen; David P. Woodruff,True,https://arxiv.org/abs/2512.19171,/root/workspace/jepa/pdfs/2512.19171.pdf
2512.19605,2025-12-22T17:41:26Z,2025,2025-12,adjacent,foundations_theory_objective,theory,KerJEPA: Kernel Discrepancies for Euclidean Self-Supervised Learning,Eric Zimmermann; Harley Wiltzer; Justin Szeto; David Alvarez-Melis; Lester Mackey,False,https://arxiv.org/abs/2512.19605,/root/workspace/jepa/pdfs/2512.19605.pdf
2512.21881,2025-12-26T06:10:31Z,2025,2025-12,adjacent,benchmarks_surveys_critiques,video;language;medical;benchmarking,SLIM-Brain: A Data- and Training-Efficient Foundation Model for fMRI Data Analysis,Mo Wang; Junfeng Xia; Wenhao Ye; Enyu Liu; Kaining Peng; Jianfeng Feng; Quanying Liu; Hongkai Wen,True,https://arxiv.org/abs/2512.21881,/root/workspace/jepa/pdfs/2512.21881.pdf
2601.00844,2025-12-28T20:17:49Z,2025,2025-12,core,world_models_planning_control,language;world_model;benchmarking,Value-guided action planning with JEPA world models,Matthieu Destrade; Oumayma Bounou; Quentin Le Lidec; Jean Ponce; Yann LeCun,False,https://arxiv.org/abs/2601.00844,/root/workspace/jepa/pdfs/2601.00844.pdf
2512.24497,2025-12-30T22:50:03Z,2025,2025-12,adjacent,benchmarks_surveys_critiques,video;world_model;benchmarking,What Drives Success in Physical Planning with Joint-Embedding Predictive World Models?,Basile Terver; Tsung-Yen Yang; Jean Ponce; Adrien Bardes; Yann LeCun,True,https://arxiv.org/abs/2512.24497,/root/workspace/jepa/pdfs/2512.24497.pdf
2601.00366,2026-01-01T14:59:58Z,2026,2026-01,core,language_reasoning,language;benchmarking,BERT-JEPA: Reorganizing CLS Embeddings for Language-Invariant Semantics,Taj Gillin; Adam Lalani; Kenneth Zhang; Marcel Mateos Salles,False,https://arxiv.org/abs/2601.00366,/root/workspace/jepa/pdfs/2601.00366.pdf
2601.01577,2026-01-04T15:49:46Z,2026,2026-01,core,world_models_planning_control,world_model,HanoiWorld : A Joint Embedding Predictive Architecture BasedWorld Model for Autonomous Vehicle Controller,Tran Tien Dat; Nguyen Hai An; Nguyen Khanh Viet Dung; Nguyen Duy Duc,False,https://arxiv.org/abs/2601.01577,/root/workspace/jepa/pdfs/2601.01577.pdf
2601.03665,2026-01-07T07:38:58Z,2026,2026-01,adjacent,video_temporal,video;language;world_model;remote_or_science;generative_bridge,PhysVideoGenerator: Towards Physically Aware Video Generation via Latent Physics Guidance,Siddarth Nilol Kundur Satish; Devesh Jaiswal; Hongyu Chen; Abhishek Bakshi,True,https://arxiv.org/abs/2601.03665,/root/workspace/jepa/pdfs/2601.03665.pdf
2601.06212,2026-01-08T18:40:31Z,2026,2026-01,adjacent,multimodal_vlm_vla,theory;video;language;multimodal;world_model;remote_or_science;generative_bridge,Akasha 2: Hamiltonian State Space Duality and Visual-Language Joint Embedding Predictive Architectur,Yani Meziani,False,https://arxiv.org/abs/2601.06212,/root/workspace/jepa/pdfs/2601.06212.pdf
2601.09524,2026-01-14T14:48:11Z,2026,2026-01,core,video_temporal,video,Video Joint-Embedding Predictive Architectures for Facial Expression Recognition,Lennart Eing; Cristina Luna-Jiménez; Silvan Mertes; Elisabeth André,False,https://arxiv.org/abs/2601.09524,/root/workspace/jepa/pdfs/2601.09524.pdf
2601.10592,2026-01-15T17:02:27Z,2026,2026-01,adjacent,video_temporal,video;language;world_model;benchmarking,Action100M: A Large-scale Video Action Dataset,Delong Chen; Tejaswi Kasarla; Yejin Bang; Mustafa Shukor; Willy Chung; Jade Yu; Allen Bolourchi; Theo Moutakanni; Pascale Fung,True,https://arxiv.org/abs/2601.10592,/root/workspace/jepa/pdfs/2601.10592.pdf
2601.14354,2026-01-20T18:04:16Z,2026,2026-01,core,foundations_theory_objective,theory;language;world_model;remote_or_science;generative_bridge,VJEPA: Variational Joint Embedding Predictive Architectures as Probabilistic World Models,Yongchao Huang,False,https://arxiv.org/abs/2601.14354,/root/workspace/jepa/pdfs/2601.14354.pdf
2601.15891,2026-01-22T12:11:53Z,2026,2026-01,core,medical_bio_health,language;medical;generative_bridge;benchmarking,RadJEPA: Radiology Encoder for Chest X-Rays via Joint Embedding Predictive Architecture,Anas Anwarul Haq Khan; Mariam Husain; Kshitij Jadhav,True,https://arxiv.org/abs/2601.15891,/root/workspace/jepa/pdfs/2601.15891.pdf
2601.17216,2026-01-23T23:02:04Z,2026,2026-01,adjacent,video_temporal,video;generative_bridge;benchmarking,Spatiotemporal Semantic V2X Framework for Cooperative Collision Prediction,Murat Arda Onsu; Poonam Lohan; Burak Kantarci; Aisha Syed; Matthew Andrews; Sean Kennedy,False,https://arxiv.org/abs/2601.17216,/root/workspace/jepa/pdfs/2601.17216.pdf
2601.19822,2026-01-27T17:29:05Z,2026,2026-01,core,scientific_industrial_domains,world_model;generative_bridge,A Latent Space Framework for Modeling Transient Engine Emissions Using Joint Embedding Predictive Architectures,Ganesh Sundaram; Tobias Gehra; Jonas Ulmen; Mirjan Heubaum; Daniel Görges; Michael Günthner,False,https://arxiv.org/abs/2601.19822,/root/workspace/jepa/pdfs/2601.19822.pdf
2601.20190,2026-01-28T02:39:47Z,2026,2026-01,adjacent,scientific_industrial_domains,video;world_model;remote_or_science,WirelessJEPA: A Multi-Antenna Foundation Model using Spatio-temporal Wireless Latent Predictions,Viet Chu; Omar Mashaal; Hatem Abou-Zeid,False,https://arxiv.org/abs/2601.20190,/root/workspace/jepa/pdfs/2601.20190.pdf
2602.07000,2026-01-28T17:04:06Z,2026,2026-01,core,world_models_planning_control,video;world_model;remote_or_science,Hierarchical JEPA Meets Predictive Remote Control in Beyond 5G Networks,Abanoub M. Girgis; Ibtissam Labriji; Mehdi Bennis,False,https://arxiv.org/abs/2602.07000,/root/workspace/jepa/pdfs/2602.07000.pdf
2601.22032,2026-01-29T17:39:20Z,2026,2026-01,core,multimodal_vlm_vla,video;multimodal;world_model,Drive-JEPA: Video JEPA Meets Multimodal Trajectory Distillation for End-to-End Driving,Linhan Wang; Zichong Yang; Chen Bai; Guoxiang Zhang; Xiaotong Liu; Xiaoyin Zheng; Xiao-Xiao Long; Chang-Tien Lu; Cheng Lu,True,https://arxiv.org/abs/2601.22032,/root/workspace/jepa/pdfs/2601.22032.pdf
2601.22128,2026-01-29T18:49:37Z,2026,2026-01,adjacent,medical_bio_health,language;world_model;medical,The Patient is not a Moving Document: A World Model Training Paradigm for Longitudinal EHR,Irsyad Adam; Zekai Chen; David Laprade; Shaun Porwal; David Laub; Erik Reinertsen; Arda Pekis; Kevin Brown,True,https://arxiv.org/abs/2601.22128,/root/workspace/jepa/pdfs/2601.22128.pdf
2602.09040,2026-01-30T20:51:37Z,2026,2026-01,adjacent,audio_speech,theory;video;audio;world_model;benchmarking,Soft Clustering Anchors for Self-Supervised Speech Representation Learning in Joint Embedding Prediction Architectures,Georgios Ioannides; Adrian Kieback; Judah Goldfeder; Linsey Pang; Aman Chadha; Aaron Elkins; Yann LeCun; Ravid Shwartz-Ziv,True,https://arxiv.org/abs/2602.09040,/root/workspace/jepa/pdfs/2602.09040.pdf
2602.07016,2026-01-31T19:52:54Z,2026,2026-01,adjacent,foundations_theory_objective,theory;video;world_model;benchmarking,Gaussian-Constrained LeJEPA Representations for Unsupervised Scene Discovery and Pose Consistency,Mohsen Mostafa,False,https://arxiv.org/abs/2602.07016,/root/workspace/jepa/pdfs/2602.07016.pdf
2602.01456,2026-02-01T21:49:30Z,2026,2026-02,core,foundations_theory_objective,theory;world_model;benchmarking,Rectified LpJEPA: Joint-Embedding Predictive Architectures with Sparse and Maximum-Entropy Representations,Yilun Kuang; Yash Dagade; Tim G. J. Rudner; Randall Balestriero; Yann LeCun,True,https://arxiv.org/abs/2602.01456,/root/workspace/jepa/pdfs/2602.01456.pdf
2602.02620,2026-02-02T13:36:36Z,2026,2026-02,adjacent,foundations_theory_objective,remote_or_science,CryoLVM: Self-supervised Learning from Cryo-EM Density Maps with Large Vision Models,Weining Fu; Kai Shu; Kui Xu; Qiangfeng Cliff Zhang,False,https://arxiv.org/abs/2602.02620,/root/workspace/jepa/pdfs/2602.02620.pdf
2602.02093,2026-02-02T13:38:04Z,2026,2026-02,core,medical_bio_health,medical,Cell-JEPA: Latent Representation Learning for Single-Cell Transcriptomics,Ali ElSheikh; Rui-Xi Wang; Weimin Wu; Yibo Wen; Payam Dibaeinia; Jennifer Yuntong Zhang; Jerry Yao-Chieh Hu; Mei Knudson; Sudarshan Babu; Shao-Hua Sun; Aly A. Khan; Han Liu,False,https://arxiv.org/abs/2602.02093,/root/workspace/jepa/pdfs/2602.02093.pdf
2602.03604,2026-02-03T14:56:24Z,2026,2026-02,core,vision_perception_ssl,theory;video;world_model;generative_bridge,A Lightweight Library for Energy-Based Joint-Embedding Predictive Architectures,Basile Terver; Randall Balestriero; Megi Dervishi; David Fan; Quentin Garrido; Tushar Nagarajan; Koustuv Sinha; Wancong Zhang; Mike Rabbat; Yann LeCun; Amir Bar,True,https://arxiv.org/abs/2602.03604,/root/workspace/jepa/pdfs/2602.03604.pdf
2602.04643,2026-02-04T15:11:29Z,2026,2026-02,core,vision_perception_ssl,video;world_model;benchmarking,MTS-JEPA: Multi-Resolution Joint-Embedding Predictive Architecture for Time-Series Anomaly Prediction,Yanan He; Yunshi Wen; Xin Wang; Tengfei Ma,False,https://arxiv.org/abs/2602.04643,/root/workspace/jepa/pdfs/2602.04643.pdf
2602.05638,2026-02-05T13:18:33Z,2026,2026-02,adjacent,medical_bio_health,video;language;medical;benchmarking,SurgMotion: A Video-Native Foundation Model for Universal Understanding of Surgical Videos,Jinlin Wu; Felix Holm; Chuxi Chen; An Wang; Yaxin Hu; Xiaofan Ye; Zelin Zang; Miao Xu; Lihua Zhou; Huai Liao; Danny T. M. Chan; Ming Feng; Wai S. Poon; Hongliang Ren; Dong Yi; Nassir Navab; Gaofeng Meng; Jiebo Luo; Hongbin Liu; Zhen Lei,True,https://arxiv.org/abs/2602.05638,/root/workspace/jepa/pdfs/2602.05638.pdf
2603.00049,2026-02-10T01:16:20Z,2026,2026-02,core,vision_perception_ssl,video;language;generative_bridge,BiJEPA: Bi-directional Joint Embedding Predictive Architecture for Symmetric Representation Learning,Yongchao Huang,False,https://arxiv.org/abs/2603.00049,/root/workspace/jepa/pdfs/2603.00049.pdf
2602.09985,2026-02-10T17:10:29Z,2026,2026-02,core,vision_perception_ssl,world_model,Online Monitoring Framework for Automotive Time Series Data using JEPA Embeddings,Alexander Fertig; Karthikeyan Chandra Sekaran; Lakshman Balasubramanian; Michael Botsch,False,https://arxiv.org/abs/2602.09985,/root/workspace/jepa/pdfs/2602.09985.pdf
2602.10098,2026-02-10T18:58:01Z,2026,2026-02,core,multimodal_vlm_vla,video;language;multimodal;world_model,VLA-JEPA: Enhancing Vision-Language-Action Model with Latent World Model,Jingwen Sun; Wenyao Zhang; Zekun Qi; Shaojie Ren; Zezhi Liu; Hanxin Zhu; Guangzhong Sun; Xin Jin; Zhibo Chen,True,https://arxiv.org/abs/2602.10098,/root/workspace/jepa/pdfs/2602.10098.pdf
2602.11322,2026-02-11T19:51:22Z,2026,2026-02,adjacent,video_temporal,video;world_model;benchmarking,Predictive Associative Memory: Retrieval Beyond Similarity Through Temporal Co-occurrence,Jason Dury,False,https://arxiv.org/abs/2602.11322,/root/workspace/jepa/pdfs/2602.11322.pdf
2602.11389,2026-02-11T21:47:26Z,2026,2026-02,core,world_models_planning_control,theory;language;world_model;benchmarking,Causal-JEPA: Learning World Models through Object-Level Latent Interventions,Heejeong Nam; Quentin Le Lidec; Lucas Maes; Yann LeCun; Randall Balestriero,True,https://arxiv.org/abs/2602.11389,/root/workspace/jepa/pdfs/2602.11389.pdf
2602.11832,2026-02-12T11:20:43Z,2026,2026-02,core,multimodal_vlm_vla,video;language;multimodal;world_model;benchmarking,JEPA-VLA: Video Predictive Embedding is Needed for VLA Models,Shangchen Miao; Ningya Feng; Jialong Wu; Ye Lin; Xu He; Dong Li; Mingsheng Long,False,https://arxiv.org/abs/2602.11832,/root/workspace/jepa/pdfs/2602.11832.pdf
2602.12245,2026-02-12T18:30:27Z,2026,2026-02,core,foundations_theory_objective,language;world_model,Intrinsic-Energy Joint Embedding Predictive Architectures Induce Quasimetric Spaces,Anthony Kobanda; Waris Radji,False,https://arxiv.org/abs/2602.12245,/root/workspace/jepa/pdfs/2602.12245.pdf
2602.12540,2026-02-13T02:42:21Z,2026,2026-02,core,world_models_planning_control,video;language;world_model,Self-Supervised JEPA-based World Models for LiDAR Occupancy Completion and Forecasting,Haoran Zhu; Anna Choromanska,False,https://arxiv.org/abs/2602.12540,/root/workspace/jepa/pdfs/2602.12540.pdf
2602.13507,2026-02-13T22:36:42Z,2026,2026-02,adjacent,benchmarks_surveys_critiques,video;audio;world_model;medical;benchmarking,Benchmarking Video Foundation Models for Remote Parkinson's Disease Screening,Md Saiful Islam; Ekram Hossain; Abdelrahman Abdelkader; Tariq Adnan; Fazla Rabbi Mashrur; Sooyong Park; Praveen Kumar; Qasim Sudais; Natalia Chunga; Nami Shah; Jan Freyberg; Christopher Kanan; Ruth Schneider; Ehsan Hoque,False,https://arxiv.org/abs/2602.13507,/root/workspace/jepa/pdfs/2602.13507.pdf
2602.14672,2026-02-16T11:51:46Z,2026,2026-02,adjacent,medical_bio_health,language;world_model;medical;benchmarking,MeFEm: Medical Face Embedding model,Yury Borets; Stepan Botman,True,https://arxiv.org/abs/2602.14672,/root/workspace/jepa/pdfs/2602.14672.pdf
2602.14771,2026-02-16T14:26:07Z,2026,2026-02,core,vision_perception_ssl,language;benchmarking,GOT-JEPA: Generic Object Tracking with Model Adaptation and Occlusion Handling using Joint-Embedding Predictive Architecture,Shih-Fang Chen; Jun-Cheng Chen; I-Hong Jhuo; Yen-Yu Lin,False,https://arxiv.org/abs/2602.14771,/root/workspace/jepa/pdfs/2602.14771.pdf
2602.17162,2026-02-19T08:20:51Z,2026,2026-02,core,medical_bio_health,language;world_model;medical;generative_bridge;benchmarking,JEPA-DNA: Grounding Genomic Foundation Models through Joint-Embedding Predictive Architectures,Ariel Larey; Elay Dahan; Amit Bleiweiss; Raizy Kellerman; Guy Leib; Omri Nayshool; Dan Ofer; Tal Zinger; Dan Dominissini; Gideon Rechavi; Nicole Bussola; Simon Lee; Shane O'Connell; Dung Hoang; Marissa Wirth; Alexander W. Charney; Nati Daniel; Yoli Shavit,False,https://arxiv.org/abs/2602.17162,/root/workspace/jepa/pdfs/2602.17162.pdf
2602.19322,2026-02-22T19:56:56Z,2026,2026-02,core,medical_bio_health,medical;benchmarking,US-JEPA: A Joint Embedding Predictive Architecture for Medical Ultrasound,Ashwath Radhachandran; Vedrana Ivezić; Shreeram Athreya; Ronit Anilkumar; Corey W. Arnold; William Speier,True,https://arxiv.org/abs/2602.19322,/root/workspace/jepa/pdfs/2602.19322.pdf
2603.13265,2026-02-25T22:31:46Z,2026,2026-02,core,vision_perception_ssl,theory;medical;generative_bridge,"Knowledge, Rules and Their Embeddings: Two Paths towards Neuro-Symbolic JEPA",Yongchao Huang; Hassan Raza,False,https://arxiv.org/abs/2603.13265,/root/workspace/jepa/pdfs/2603.13265.pdf
2602.22617,2026-02-26T04:45:07Z,2026,2026-02,core,language_reasoning,language,Semantic Tube Prediction: Beating LLM Data Efficiency with JEPA,Hai Huang; Yann LeCun; Randall Balestriero,False,https://arxiv.org/abs/2602.22617,/root/workspace/jepa/pdfs/2602.22617.pdf
2602.23058,2026-02-26T14:42:53Z,2026,2026-02,adjacent,world_models_planning_control,theory;video;language;world_model;benchmarking,GeoWorld: Geometric World Models,Zeyu Zhang; Danning Li; Ian Reid; Richard Hartley,True,https://arxiv.org/abs/2602.23058,/root/workspace/jepa/pdfs/2602.23058.pdf
2603.02263,2026-02-28T07:54:43Z,2026,2026-02,core,vision_perception_ssl,world_model,Social-JEPA: Emergent Geometric Isomorphism,Haoran Zhang; Youjin Wang; Yi Duan; Rong Fu; Dianyu Zhao; Sicheng Fan; Shuaishuai Cao; Wentao Guo; Xiao Zhou,False,https://arxiv.org/abs/2603.02263,/root/workspace/jepa/pdfs/2603.02263.pdf
2603.02650,2026-03-03T06:36:16Z,2026,2026-03,adjacent,vision_perception_ssl,video;world_model;generative_bridge;benchmarking,Improving Diffusion Planners by Self-Supervised Action Gating with Energies,Yuan Lu; Dongqi Han; Yansen Wang; Dongsheng Li,False,https://arxiv.org/abs/2603.02650,/root/workspace/jepa/pdfs/2603.02650.pdf
2603.05924,2026-03-06T05:32:40Z,2026,2026-03,adjacent,foundations_theory_objective,theory,Weak-SIGReg: Covariance Regularization for Stable Deep Learning,Habibullah Akbar,True,https://arxiv.org/abs/2603.05924,/root/workspace/jepa/pdfs/2603.05924.pdf
2603.07083,2026-03-07T07:41:28Z,2026,2026-03,adjacent,world_models_planning_control,world_model;benchmarking,Dreamer-CDP: Improving Reconstruction-free World Models Via Continuous Deterministic Representation Prediction,Michael Hauri; Friedemann Zenke,False,https://arxiv.org/abs/2603.07083,/root/workspace/jepa/pdfs/2603.07083.pdf
2603.11417,2026-03-12T01:19:32Z,2026,2026-03,adjacent,world_models_planning_control,world_model,Zero-Shot Cross-City Generalization in End-to-End Autonomous Driving: Self-Supervised versus Supervised Representations,Fatemeh Naeinian; Ali Hamza; Haoran Zhu; Anna Choromanska,False,https://arxiv.org/abs/2603.11417,/root/workspace/jepa/pdfs/2603.11417.pdf
2603.12772,2026-03-13T08:16:53Z,2026,2026-03,adjacent,multimodal_vlm_vla,video;language;multimodal;world_model;benchmarking,PVI: Plug-in Visual Injection for Vision-Language-Action Models,Zezhou Zhang; Songxin Zhang; Xiao Xiong; Junjie Zhang; Zejian Xie; Jingyi Xi; Zunyao Mao; Zan Mao; Zhixin Mai; Zhuoyang Song; Jiaxing Zhang,False,https://arxiv.org/abs/2603.12772,/root/workspace/jepa/pdfs/2603.12772.pdf
2603.13227,2026-03-13T17:59:51Z,2026,2026-03,adjacent,scientific_industrial_domains,video;remote_or_science,Representation Learning for Spatiotemporal Physical Systems,Helen Qu; Rudy Morel; Michael McCabe; Alberto Bietti; François Lanusse; Shirley Ho; Yann LeCun,False,https://arxiv.org/abs/2603.13227,/root/workspace/jepa/pdfs/2603.13227.pdf
2603.19312,2026-03-13T19:48:14Z,2026,2026-03,core,vision_perception_ssl,theory;world_model;benchmarking,LeWorldModel: Stable End-to-End Joint-Embedding Predictive Architecture from Pixels,Lucas Maes; Quentin Le Lidec; Damien Scieur; Yann LeCun; Randall Balestriero,True,https://arxiv.org/abs/2603.19312,/root/workspace/jepa/pdfs/2603.19312.pdf
2603.13943,2026-03-14T13:30:49Z,2026,2026-03,core,scientific_industrial_domains,language;remote_or_science;generative_bridge,Sat-JEPA-Diff: Bridging Self-Supervised Learning and Generative Diffusion for Remote Sensing,Kursat Komurcu; Linas Petkevicius,True,https://arxiv.org/abs/2603.13943,/root/workspace/jepa/pdfs/2603.13943.pdf
2603.14131,2026-03-14T21:39:56Z,2026,2026-03,core,vision_perception_ssl,world_model,Is the reconstruction loss culprit? An attempt to outperform JEPA,Alexey Potapov; Oleg Shcherbakov; Ivan Kravchenko,False,https://arxiv.org/abs/2603.14131,/root/workspace/jepa/pdfs/2603.14131.pdf
2603.14482,2026-03-15T17:02:40Z,2026,2026-03,core,video_temporal,video;language;world_model;generative_bridge;benchmarking,V-JEPA 2.1: Unlocking Dense Features in Video Self-Supervised Learning,Lorenzo Mur-Labadia; Matthew Muckley; Amir Bar; Mido Assran; Koustuv Sinha; Mike Rabbat; Yann LeCun; Nicolas Ballas; Adrien Bardes,True,https://arxiv.org/abs/2603.14482,/root/workspace/jepa/pdfs/2603.14482.pdf
2603.15553,2026-03-16T17:13:27Z,2026,2026-03,adjacent,vision_perception_ssl,generative_bridge,Self-Distillation of Hidden Layers for Self-Supervised Representation Learning,Scott C. Lowe; Anthony Fuller; Sageev Oore; Evan Shelhamer; Graham W. Taylor,False,https://arxiv.org/abs/2603.15553,/root/workspace/jepa/pdfs/2603.15553.pdf
2603.15916,2026-03-16T21:05:39Z,2026,2026-03,adjacent,benchmarks_surveys_critiques,video;language;benchmarking,"Auto Researching, not hyperparameter tuning: Convergence Analysis of 10,000 Experiments",Xiaoyi Li,False,https://arxiv.org/abs/2603.15916,/root/workspace/jepa/pdfs/2603.15916.pdf
2603.16281,2026-03-17T09:13:29Z,2026,2026-03,adjacent,foundations_theory_objective,world_model;medical;benchmarking,Laya: A LeJEPA Approach to EEG via Latent Prediction over Reconstruction,Saarang Panchavati; Uddhav Panchavati; Corey Arnold; William Speier,False,https://arxiv.org/abs/2603.16281,/root/workspace/jepa/pdfs/2603.16281.pdf
2604.03266,2026-03-18T20:23:52Z,2026,2026-03,adjacent,vision_perception_ssl,video;language;world_model;medical;remote_or_science,Emergent Compositional Communication for Latent World Properties,Tomek Kaszyński,True,https://arxiv.org/abs/2604.03266,/root/workspace/jepa/pdfs/2604.03266.pdf
2603.19100,2026-03-19T16:26:11Z,2026,2026-03,adjacent,medical_bio_health,video;language;medical,LuMamba: Latent Unified Mamba for Electrode Topology-Invariant and Efficient EEG Modeling,Danaé Broustail; Anna Tegon; Thorir Mar Ingolfsson; Yawei Li; Luca Benini,True,https://arxiv.org/abs/2603.19100,/root/workspace/jepa/pdfs/2603.19100.pdf
2603.20327,2026-03-20T01:30:59Z,2026,2026-03,adjacent,vision_perception_ssl,video;world_model;generative_bridge,Probing the Latent World: Emergent Discrete Symbols and Physical Structure in Latent Representations,Liu hung ming,False,https://arxiv.org/abs/2603.20327,/root/workspace/jepa/pdfs/2603.20327.pdf
2603.20048,2026-03-20T15:32:47Z,2026,2026-03,adjacent,scientific_industrial_domains,video;world_model;remote_or_science,Structured Latent Dynamics in Wireless CSI via Homomorphic World Models,Salmane Naoumi; Mehdi Bennis; Marwa Chafii,False,https://arxiv.org/abs/2603.20048,/root/workspace/jepa/pdfs/2603.20048.pdf
2603.20111,2026-03-20T16:36:29Z,2026,2026-03,core,foundations_theory_objective,theory;language;generative_bridge,Var-JEPA: A Variational Formulation of the Joint-Embedding Predictive Architecture -- Bridging Predictive and Generative Self-Supervised Learning,Moritz Gögl; Christopher Yau,False,https://arxiv.org/abs/2603.20111,/root/workspace/jepa/pdfs/2603.20111.pdf
2603.21340,2026-03-22T17:46:04Z,2026,2026-03,adjacent,world_models_planning_control,theory;video;language;world_model;medical;remote_or_science;benchmarking,ARYA: A Physics-Constrained Composable & Deterministic World Model Architecture,Seth Dobrin; Lukasz Chmiel,False,https://arxiv.org/abs/2603.21340,/root/workspace/jepa/pdfs/2603.21340.pdf
2603.22281,2026-03-23T17:59:42Z,2026,2026-03,adjacent,language_reasoning,video;language;multimodal;world_model,ThinkJEPA: Empowering Latent World Models with Large Vision-Language Reasoning Model,Haichao Zhang; Yijiang Li; Shwai He; Tushar Nagarajan; Mingfei Chen; Jianglin Lu; Ang Li; Yun Fu,True,https://arxiv.org/abs/2603.22281,/root/workspace/jepa/pdfs/2603.22281.pdf
2603.22649,2026-03-23T23:53:16Z,2026,2026-03,adjacent,benchmarks_surveys_critiques,language;medical;benchmarking,Pretext Matters: An Empirical Study of SSL Methods in Medical Imaging,Vedrana Ivezić; Mara Pleasure; Ashwath Radhachandran; Saarang Panchavati; Shreeram Athreya; Vivek Sant; Benjamin Emert; Gregory Fishbein; Corey Arnold; William Speier,False,https://arxiv.org/abs/2603.22649,/root/workspace/jepa/pdfs/2603.22649.pdf
2603.23308,2026-03-24T15:13:30Z,2026,2026-03,adjacent,vision_perception_ssl,language;multimodal;medical;generative_bridge;benchmarking,Curriculum-Driven 3D CT Report Generation via Language-Free Visual Grafting and Zone-Constrained Compression,V. K. Cody Bumgardner; Mitchell A. Klusty; Mahmut S. Gokmen; Evan W. Damron,True,https://arxiv.org/abs/2603.23308,/root/workspace/jepa/pdfs/2603.23308.pdf
2603.24327,2026-03-25T14:09:59Z,2026,2026-03,core,language_reasoning,theory;language;multimodal;benchmarking,Le MuMo JEPA: Multi-Modal Self-Supervised Representation Learning with Learnable Fusion Tokens,Ciem Cornelissen; Sam Leroux; Pieter Simoens,False,https://arxiv.org/abs/2603.24327,/root/workspace/jepa/pdfs/2603.24327.pdf
2603.25216,2026-03-26T09:16:55Z,2026,2026-03,adjacent,scientific_industrial_domains,video;world_model;remote_or_science,A Wireless World Model for AI-Native 6G Networks,Ziqi Chen; Yi Ren; Yixuan Huang; Qi Sun; Nan Li; Yuhong Huang; Chih-Lin I; Yifan Li; Liang Xia,False,https://arxiv.org/abs/2603.25216,/root/workspace/jepa/pdfs/2603.25216.pdf
2603.25841,2026-03-26T19:03:49Z,2026,2026-03,adjacent,language_reasoning,video;language;multimodal;world_model;benchmarking,GazeQwen: Lightweight Gaze-Conditioned LLM Modulation for Streaming Video Understanding,Trong Thang Pham; Hien Nguyen; Ngan Le,False,https://arxiv.org/abs/2603.25841,/root/workspace/jepa/pdfs/2603.25841.pdf
2603.25981,2026-03-26T23:47:49Z,2026,2026-03,adjacent,language_reasoning,theory;video;language;world_model,Policy-Guided World Model Planning for Language-Conditioned Visual Navigation,Amirhosein Chahe; Lifeng Zhou,False,https://arxiv.org/abs/2603.25981,/root/workspace/jepa/pdfs/2603.25981.pdf
2603.27134,2026-03-28T04:46:44Z,2026,2026-03,adjacent,vision_perception_ssl,theory;world_model;benchmarking,Semantic Interaction Information mediates compositional generalization in latent space,John Schwarcz,False,https://arxiv.org/abs/2603.27134,/root/workspace/jepa/pdfs/2603.27134.pdf
2603.29796,2026-03-31T14:29:42Z,2026,2026-03,core,multimodal_vlm_vla,video;language;multimodal;remote_or_science;generative_bridge,JEPA-MSAC: A Joint-Embedding Predictive Architecture for Multimodal Sensing-Assisted Communications,Can Zheng; Jiguang He; Guofa Cai; Nannan Li; Mehdi Bennis; Henk Wymeersch; Merouane Debbah,False,https://arxiv.org/abs/2603.29796,/root/workspace/jepa/pdfs/2603.29796.pdf
2603.29966,2026-03-31T16:31:25Z,2026,2026-03,adjacent,medical_bio_health,video;language;multimodal;world_model;medical;benchmarking,Scaling Video Pretraining for Surgical Foundation Models,Sicheng Lu; Zikai Xiao; Jianhui Wei; Danyu Sun; Qi Lu; Keli Hu; Yang Feng; Jian Wu; Zongxin Yang; Zuozhu Liu,False,https://arxiv.org/abs/2603.29966,/root/workspace/jepa/pdfs/2603.29966.pdf
2604.00383,2026-04-01T02:08:07Z,2026,2026-04,core,scientific_industrial_domains,remote_or_science,Mine-JEPA: In-Domain Self-Supervised Learning for Mine-Like Object Classification in Side-Scan Sonar,Taeyoun Kwon; Youngwon Choi; Hyeonyu Kim; Myeongkyun Cho; Junhyeok Choi; Moon Hwan Kim,False,https://arxiv.org/abs/2604.00383,/root/workspace/jepa/pdfs/2604.00383.pdf
2604.00394,2026-04-01T02:23:21Z,2026,2026-04,adjacent,vision_perception_ssl,world_model;generative_bridge;benchmarking,Deep Networks Favor Simple Data,Weyl Lu; Chenjie Hao; Yubei Chen,False,https://arxiv.org/abs/2604.00394,/root/workspace/jepa/pdfs/2604.00394.pdf
2604.01349,2026-04-01T20:02:56Z,2026,2026-04,core,scientific_industrial_domains,language;remote_or_science,PI-JEPA: Label-Free Surrogate Pretraining for Coupled Multiphysics Simulation via Operator-Split Latent Prediction,Brandon Yee; Pairie Koh,False,https://arxiv.org/abs/2604.01349,/root/workspace/jepa/pdfs/2604.01349.pdf
2604.05767,2026-04-07T12:10:21Z,2026,2026-04,adjacent,vision_perception_ssl,video;language;multimodal;generative_bridge;benchmarking,Beyond the Beep: Scalable Collision Anticipation and Real-Time Explainability with BADAS-2.0,Roni Goldshmidt; Hamish Scott; Lorenzo Niccolini; Hernan Matzner,False,https://arxiv.org/abs/2604.05767,/root/workspace/jepa/pdfs/2604.05767.pdf
2604.08065,2026-04-09T10:27:32Z,2026,2026-04,adjacent,language_reasoning,language;multimodal;world_model;generative_bridge;benchmarking,Multimodal Latent Reasoning via Predictive Embeddings,Ashutosh Adhikari; Mirella Lapata,False,https://arxiv.org/abs/2604.08065,/root/workspace/jepa/pdfs/2604.08065.pdf
2604.08960,2026-04-10T05:04:29Z,2026,2026-04,adjacent,world_models_planning_control,theory;world_model;generative_bridge;benchmarking,Efficient Hierarchical Implicit Flow Q-learning for Offline Goal-conditioned Reinforcement Learning,Zhiqiang Dong; Teng Pang; Rongjian Xu; Guoqiang Wu,False,https://arxiv.org/abs/2604.08960,/root/workspace/jepa/pdfs/2604.08960.pdf
2604.10514,2026-04-12T08:07:02Z,2026,2026-04,adjacent,benchmarks_surveys_critiques,video;world_model;medical;benchmarking,Data-Efficient Surgical Phase Segmentation in Small-Incision Cataract Surgery: A Controlled Study of Vision Foundation Models,Lincoln Spencer; Song Wang; Chen Chen,False,https://arxiv.org/abs/2604.10514,/root/workspace/jepa/pdfs/2604.10514.pdf
2604.10591,2026-04-12T11:47:11Z,2026,2026-04,adjacent,scientific_industrial_domains,language;multimodal;remote_or_science,GeoMeld: Toward Semantically Grounded Foundation Models for Remote Sensing,Maram Hasan; Md Aminur Hossain; Savitra Roy; Souparna Bhowmik; Ayush V. Patel; Mainak Singha; Subhasis Chaudhuri; Muhammad Haris Khan; Biplab Banerjee,True,https://arxiv.org/abs/2604.10591,/root/workspace/jepa/pdfs/2604.10591.pdf
2604.11364,2026-04-13T12:05:30Z,2026,2026-04,adjacent,vision_perception_ssl,language;benchmarking,The Missing Knowledge Layer in Cognitive Architectures for AI Agents,Michaël Roynard,True,https://arxiv.org/abs/2604.11364,/root/workspace/jepa/pdfs/2604.11364.pdf
2604.11751,2026-04-13T17:25:41Z,2026,2026-04,adjacent,world_models_planning_control,video;language;multimodal;world_model;benchmarking,Grounded World Model for Semantically Generalizable Planning,Quanyi Li; Lan Feng; Haonan Zhang; Wuyang Li; Letian Wang; Alexandre Alahi; Harold Soh,False,https://arxiv.org/abs/2604.11751,/root/workspace/jepa/pdfs/2604.11751.pdf
2604.13518,2026-04-15T06:04:45Z,2026,2026-04,adjacent,foundations_theory_objective,theory;world_model;benchmarking,From Alignment to Prediction: A Study of Self-Supervised Learning and Predictive Representation Learning,Mintu Dutta; Ritesh Vyas; Mohendra Roy,False,https://arxiv.org/abs/2604.13518,/root/workspace/jepa/pdfs/2604.13518.pdf
2604.16086,2026-04-17T14:15:12Z,2026,2026-04,adjacent,vision_perception_ssl,language;benchmarking,Stylistic-STORM (ST-STORM) : Perceiving the Semantic Nature of Appearance,Hamed Ouattara; Pierre Duthon; Pascal Houssam Salmane; Frédéric Bernardin; Omar Ait Aider,False,https://arxiv.org/abs/2604.16086,/root/workspace/jepa/pdfs/2604.16086.pdf
2604.16585,2026-04-17T15:12:15Z,2026,2026-04,adjacent,world_models_planning_control,world_model;remote_or_science,The Global Neural World Model: Spatially Grounded Discrete Topologies for Action-Conditioned Planning,Noureddine Kermiche,False,https://arxiv.org/abs/2604.16585,/root/workspace/jepa/pdfs/2604.16585.pdf
2604.17228,2026-04-19T03:20:40Z,2026,2026-04,adjacent,foundations_theory_objective,language;world_model;benchmarking,Revisiting Auxiliary Losses for Conditional Depth Routing: An Empirical Study,Qingwei Lin,False,https://arxiv.org/abs/2604.17228,/root/workspace/jepa/pdfs/2604.17228.pdf
2604.17651,2026-04-19T22:50:32Z,2026,2026-04,adjacent,world_models_planning_control,video;language;multimodal;world_model;remote_or_science;generative_bridge,Infrastructure-Centric World Models: Bridging Temporal Depth and Spatial Breadth for Roadside Perception,Siyuan Meng; Chengbo Ai,False,https://arxiv.org/abs/2604.17651,/root/workspace/jepa/pdfs/2604.17651.pdf
2604.21046,2026-04-22T19:44:41Z,2026,2026-04,adjacent,foundations_theory_objective,theory;world_model;benchmarking,JEPAMatch: Geometric Representation Shaping for Semi-Supervised Learning,Ali Aghababaei-Harandi; Aude Sportisse; Massih-Reza Amini,False,https://arxiv.org/abs/2604.21046,/root/workspace/jepa/pdfs/2604.21046.pdf
